Year,Country of Asylum,Country of Origin,Country of Asylum ISO,Country of Origin ISO,Population Type,Footnote,Footnote_ukr
2019 - 2022, , ,,,OIP,"Other people in need of international protection refers to people who are outside their country or territory of origin, typically because they have been forcibly displaced across international borders, who have not been reported under other categories (asylum-seekers, refugees, people in refugee-like situations) but who likely need international protection, including protection against forced return, as well as access to basic services on a temporary or longer-term basis.","Інші люди, які потребують міжнародного захисту, стосуються людей, які перебувають за межами своєї країни або території походження, як правило, через те, що вони були примусово переміщені через міжнародні кордони, які не були зареєстровані в інших категоріях (шукачі притулку, біженці, люди в ситуаціях, схожих на біженців), але які, ймовірно, потребують міжнародного захисту, включаючи захист від примусового повернення, а також доступу до основних послуг на тимчасовій або довгостроковій основі."
2025,Philippines, ,PHL,,STA,"The total statelessness figure reported includes 17 stateless persons of Rohingya ethnicity who are also counted as refugees or asylum-seekers from Myanmar, mainly from Rakhine State.","Повідомлена загальна кількість осіб без громадянства включає 17 осіб без громадянства етнічної приналежності рохінджа, які також вважаються біженцями або шукачами притулку з М’янми, переважно зі штату Ракхайн."
2023,Colombia, ,COL,,IDP,"The National Victims Registry of Colombia contains the historical accumulated figure of the number of victims of displacement which continues to increase, given that victims continue to be registered in the country. Thus, the total number of persons recognized as victims of displacement (more than 8.5 million), includes the number of IDPs who are subject to attention and/or reparation, i.e. those who meet the requirements to access the measures of attention and reparation established in Colombian Law 1448 (6.9 million). The number of victims of displacement who are deceased, direct victims of forced disappearance and homicide, and other victims who, for various reasons, cannot effectively access these measures, are identified as not being subject to attention or reparation and therefore not included in the figure of 6.9 million. The figure is constantly updated, considering that by legal definition, victims have up to two years to make their declaration and be included in the registry system. See the summary: https://www.unidadvictimas.gov.co/es/registro-unico-de-victimas-ruv/37394.","Національний реєстр жертв Колумбії містить дані про кількість жертв переміщення, яка продовжує зростати, враховуючи, що жертви продовжують реєструватися в країні. Таким чином, загальна кількість осіб, визнаних жертвами переміщення (понад 8,5 мільйона), включає кількість ВПО, які підлягають догляду та/або відшкодуванню, тобто тих, хто відповідає вимогам доступу до заходів догляду та відшкодування, встановленим колумбійським Законом 1448 (6,9 мільйона). Кількість померлих жертв переміщення, безпосередніх жертв насильницького зникнення та вбивств, а також інших жертв, які з різних причин не мають ефективного доступу до цих заходів, визначено як такі, що не підлягають уваги чи відшкодуванню, і тому не включені до цифри 6,9 мільйонів. Цифра постійно оновлюється, враховуючи, що за юридичним визначенням жертви мають до двох років, щоб подати декларацію та бути внесеними до системи реєстру. Перегляньте резюме: https://www.unidadvictimas.gov.co/es/registro-unico-de-victimas-ruv/37394."
2022,Thailand, ,THA,,STA,"The total statelessness figure includes 573,898 stateless persons reported by the Royal Thai Government and registered with the national civil registration system by the end of 2022. The figure includes 321 stateless persons of Rohingya ethnicity from Myanmar who are also counted as others of concern to UNHCR.","Загальна кількість осіб без громадянства включає 573 898 осіб без громадянства, про які повідомив королівський уряд Таїланду та зареєстровані в національній системі реєстрації актів цивільного стану до кінця 2022 року. Ця цифра включає 321 особу без громадянства етнічної приналежності до рохінджа з М’янми, які також вважаються іншими особами, якими займається УВКБ ООН."
2025,Iceland, ,ISL,,STA,"With regards to stateless statistics, the figures include: (a) the number of stateless asylum seekers at midyear as reported by the Icelandic authorities; (b) the number of stateless refugees at mid-end with valid residence permits on the basis of international protection as reported by Icelandic authorities; and (c) the number of non-displaced stateless persons (those with other non-protection related types of permits) based on data from Statistics Iceland corresponding to the resident population recorded as ""Stateless"" as of 1 January 2024 (no data is available yet for end-2024 or mid-2025), deducting the reported number of stateless refugees at mid-year.","Що стосується статистики осіб без громадянства, цифри включають: (a) кількість шукачів притулку без громадянства станом на середину року, як повідомляє ісландська влада; (b) кількість біженців без громадянства на середньому рівні з дійсними дозволами на проживання на основі міжнародного захисту, як повідомили органи влади Ісландії; та (c) кількість непереміщених осіб без громадянства (тих, хто має інші типи дозволів, не пов’язаних із захистом), на основі даних Статистичного управління Ісландії відповідно до постійного населення, зареєстрованого як «апатриди» станом на 1 січня 2024 року (на кінець 2024 або середину 2025 року ще немає даних), за вирахуванням повідомленої кількості біженців без громадянства на середину року."
2023,Jordan,Iraq,JOR,IRQ,REF,"The refugee population in Jordan includes 28,900 Iraqis registered with UNHCR. The Government of Jordan estimated the number of Iraqis at 400,000 individuals at the end of March 2015. This includes refugees and other categories of Iraqis.","Біженці в Йорданії включають 28 900 іракців, зареєстрованих УВКБ ООН. На кінець березня 2015 року уряд Йорданії оцінив чисельність іракців у 400 000 осіб. Це включає біженців та інші категорії іракців."
2021,Austria, ,AUT,,STA,In situ stateless figure is as of end-2020.,Кількість осіб без громадянства на місці є станом на кінець 2020 року.
2023 - 2024,Dem. Rep. of the Congo, ,COD,,IDP,"The IDP figure differs from those agreed and communicated by UN OCHA, given the exlusion of IDPs due to disasters, in line with UNHCR methodology.","Цифра внутрішньо переміщених осіб відрізняється від узгодженої та повідомленої УКГВ ООН, враховуючи виключення ВПО через катастрофи відповідно до методології УВКБ ООН."
2023,Malaysia, ,MYS,,STA,"The total stateless population in Malaysia includes 9,392 non-displaced stateless persons who may be entitled to Malaysian nationality under the law. This number of non-displaced stateless persons is based on a registration and community legal assistance programme undertaken in West Malaysia by a local NGO with technical support from UNHCR. The total statelessness figure reported also includes 107,678 stateless persons of Rohingya ethnicity who are also counted as refugees or asylum-seekers from Myanmar, mainly from Rakhine State.","Загальна кількість осіб без громадянства в Малайзії включає 9392 непереміщених осіб без громадянства, які можуть мати право на громадянство Малайзії відповідно до закону. Ця кількість непереміщених осіб без громадянства базується на програмі реєстрації та надання правової допомоги громаді, яку в Західній Малайзії проводить місцева НУО за технічної підтримки УВКБ ООН. Повідомлена загальна кількість осіб без громадянства також включає 107 678 осіб без громадянства етнічної приналежності рохінджа, які також вважаються біженцями або шукачами притулку з М’янми, переважно зі штату Ракхайн."
2018,Poland, ,POL,,STA,"Figure is from the 2011 census, likely to include 2,020 persons registered as stateless by the authorities.","Цифра взята з перепису 2011 року, ймовірно, включатиме 2020 осіб, зареєстрованих органами влади як особи без громадянства."
2023,Indonesia, ,IDN,,STA,"The total statelessness figure reported relates to 2,089 stateless persons who are also counted as refugees or asylum-seekers. There are also indications that a potentially sizable population of non-displaced stateless persons exists for whom no data is available.","Зазначена загальна кількість осіб без громадянства стосується 2089 осіб без громадянства, які також вважаються біженцями або шукачами притулку. Також є ознаки того, що існує потенційно значна кількість непереміщених осіб без громадянства, щодо яких немає даних."
2023,Thailand, ,THA,,STA,"The total statelessness figure includes 586,548 stateless persons reported by the Royal Thai Government and registered with the national civil registration system by the end of 2023. The figure includes 584 stateless persons of Rohingya ethnicity from Myanmar who are also counted as refugees.","Загальна кількість осіб без громадянства включає 586 548 осіб без громадянства, про які повідомив Королівський уряд Таїланду та зареєстровані в національній системі реєстрації актів цивільного стану до кінця 2023 року. Ця цифра включає 584 особи без громадянства рохінджа з М’янми, які також вважаються біженцями."
2021 - 2022,Kenya, ,KEN,,STA,"The figure is based on an estimate of 18,500 in 2019 by UNHCR with input from stateless communities, taking account of the registration by the Government of Kenya in 2020 of 1,670 stateless persons of Shona descent. These individuals were granted Kenyan citizenship in 2021.","Ця цифра базується на оцінці УВКБ ООН у 18 500 у 2019 році за участю громад без громадянства, беручи до уваги реєстрацію урядом Кенії у 2020 році 1670 осіб без громадянства за походженням шона. Ці особи отримали громадянство Кенії у 2021 році."
2021,Belgium, ,BEL,,"REF,ASY,IDP,STA,OOC,HST,OIP","The data is based on the registered population as of end-2020, as data for 2021 was not available at time of publication apart from the data on asylum-seekers, which was sourced from Eurostat, and resettlement which was sourced from the Federal Agency for the Reception of Asylum Seekers.","Дані базуються на зареєстрованому населенні станом на кінець 2020 року, оскільки дані за 2021 рік були недоступні на момент публікації, окрім даних щодо шукачів притулку, отриманих від Євростату, та даних про переселення, отриманих від Федерального агентства з прийому шукачів притулку."
2020,United Kingdom of Great Britain and Northern Ireland, ,GBR,,STA,"The UK's statelessness figure shows the number of stateless individuals recognized through the UK's stateless determination procedure since it began in 2013. Since 2019, the total figure has been corrected to only include initial grants of leave following individuals’ recognition as stateless.","Показник безгромадянства у Великій Британії показує кількість осіб без громадянства, визнаних за допомогою процедури визначення осіб без громадянства у Великій Британії з моменту її початку в 2013 році. З 2019 року загальну цифру було виправлено, щоб включати лише перші надання відпустки після визнання осіб особами без громадянства."
2024 - 2025,Greece, ,GRC,,STA,"With regards to stateless statistics, the figure for non-displaced stateless is based on results from the 2021 Population Census, deducting the figures of stateless refugees and stateless asylum-seekers.","Що стосується статистики осіб без громадянства, то кількість непереміщених осіб без громадянства базується на результатах перепису населення 2021 року за вирахуванням біженців без громадянства та шукачів притулку без громадянства."
2018,Myanmar, ,MMR,,STA,"The figure of persons of concern under the statelessness mandate relates to stateless persons in Rakhine state and persons of undetermined nationality residing in other states in Myanmar.The figure of stateless persons in Rakhine state has been estimated on the basis of the 2014 census report and 2017 General Administration Department (GAD) of Ministry of Home Affairs (MoHA) data. It does not include an estimated 125,000 stateless IDPs who are also of concern under the statelessness mandate because they are already included within the IDP figures. In Rakhine State, the  total number of stateless persons were estimated to be approximately one million in 2014 according to the Government census report.Revisions have been made to take into account the number of stateless persons who fled to Bangladesh during 2017. The number of remaining stateless persons residing in Maungdaw area as of end of December 2017 is highly uncertain as no reliable comprehensive data is available and access has been severely constrained.Outside of Rakhine state, the figure of those with undetermined nationality (25,939) is based on government data released on 27 December 2016 indicating the number of persons who hold an Identity Card for National Verification, and whose citizenship has not yet been confirmed.","Кількість осіб без громадянства згідно з мандатом щодо осіб без громадянства стосується осіб без громадянства в штаті Ракхайн та осіб невизначеного громадянства, які проживають в інших штатах М’янми. Кількість осіб без громадянства в штаті Ракхайн було оцінено на основі звіту про перепис населення 2014 року та даних Департаменту загальної адміністрації (GAD) Міністерства внутрішніх справ (MoHA) за 2017 рік. Він не включає приблизно 125 000 ВПО без громадянства, які також підпадають під занепокоєння згідно з мандатом щодо безгромадянства, оскільки вони вже включені до цифр ВПО. Відповідно до урядового звіту про перепис населення в штаті Ракхайн у 2014 році загальна кількість осіб без громадянства становила приблизно один мільйон осіб. Було внесено зміни, щоб врахувати кількість осіб без громадянства, які втекли до Бангладеш у 2017 році. Кількість осіб без громадянства, які залишилися проживати в районі Маунгдо станом на кінець грудня 2017 року, є дуже невизначеною, оскільки немає достовірних вичерпних даних, а доступ був дуже обмеженим. constrained. За межами штату Ракхайн цифра осіб з невизначеним громадянством (25 939) базується на урядових даних, оприлюднених 27 грудня 2016 року, із зазначенням кількості осіб, які мають посвідчення особи для національної перевірки та чиє громадянство ще не підтверджено."
2025,Canada, ,CAN,,REF,"Naturalization figures refer to the admission of protected persons as permanent residents of Canada. Mid-year stock refers to protected persons who are yet to acquire permanent resident status. Updated figures for the number of Ukrainians within the Canada-Ukraine authorization for emergency travel (CUAET) program led to an increase of 158,600 from the previously reported figure of people in a refugee-like situation to 242,100.","Цифри натуралізації стосуються допуску осіб, які перебувають під захистом, як постійних жителів Канади. Середньорічна кількість стосується осіб, які перебувають під захистом, які ще не набули статусу постійного резидента. Оновлені дані щодо кількості українців у рамках канадсько-української програми дозволу на екстрені поїздки (CUAET) призвели до збільшення на 158 600 осіб у порівнянні з раніше зареєстрованою цифрою людей у ​​ситуації, схожій на біженців, до 242 100."
2018,Albania, ,ALB,,STA,Figure refers to a census from 2011 and has been adjusted to reflect the number of persons with undetermined nationality who had their nationality confirmed in 2011-2018.,"Цифра відноситься до перепису 2011 року та була скоригована, щоб відобразити кількість осіб з невизначеним громадянством, які підтвердили своє громадянство в 2011-2018 роках."
2019 - 2024,Albania, ,ALB,,"REF,",Refugees includes people in refugee-like situations,"До біженців належать люди, які перебувають у ситуації, подібній до біженців"
2024,Thailand, ,THA,,REF,"In Thailand, the number of new refugee arrivals is not available, but the Operation Centre for Displaced Persons, Ministry of Interior of Thailand, estimates that 52,000 refugees fled Myanmar and subsequently returned home from Thailand’s Temporary Safety Areas.","У Таїланді кількість нових біженців невідома, але Оперативний центр для переміщених осіб Міністерства внутрішніх справ Таїланду оцінює, що 52 000 біженців втекли з М’янми та згодом повернулися додому з тимчасових зон безпеки Таїланду."
2025,Norway, ,NOR,,REF,"With regards to refugee statistics, the number of recognized refugees in Norway are based on data reported by authorities of persons with valid residence permits for asylum as of 1 January 2025, adding increases (e.g. recognitions, resettlement) and deducting decreases (e.g. refugee status cessation and naturalizations) during the first half of 2025 as reported by authorities, and adding the stock of temporary protection holders in Norway by mid-2025.","Щодо статистики біженців, кількість визнаних біженців у Норвегії базується на даних, наданих органами влади щодо осіб, які мають дійсний дозвіл на проживання для отримання притулку станом на 1 січня 2025 року, додаючи збільшення (наприклад, визнання, переселення) і вираховуючи зменшення (наприклад, припинення статусу біженця та натуралізацію) протягом першої половини 2025 року, як повідомляють органи влади, і додавання кількість тих, хто має тимчасовий захист, у Норвегії до середини 2025 року."
2022,Pakistan, ,PAK,,REF,"The 1.7 million refugees includes around 1,316,800 registered refugees, around 140,900 unregistered members of registered families who were being verified at the time of reporting and were recorded through the documentation renewal and information verification exercise (DRIVE) and around 286,100 Afghans who arrived in the country on or after 1 January 2021.","1,7 мільйона біженців включають близько 1 316 800 зареєстрованих біженців, близько 140 900 незареєстрованих членів зареєстрованих сімей, які перевірялися на момент подання звіту та були зареєстровані в ході оновлення документів і перевірки інформації (DRIVE), а також близько 286 100 афганців, які прибули в країну 1 січня 2021 року або пізніше."
2023,Tajikistan, ,TJK,,REF,"Based on the information reported in the media as well as UNHCR protection monitoring activities, UNHCR estimates there to be 3,000 people of various origins in Tajikistan who may be in need of international protection.","На підставі інформації, оприлюдненої в ЗМІ, а також діяльності УВКБ ООН з моніторингу захисту, УВКБ ООН оцінює, що в Таджикистані знаходяться 3000 осіб різного походження, які можуть потребувати міжнародного захисту."
2022,Ukraine, ,UKR,,STA,"The numbers reported in Ukraine are an extrapolation of the 2001 census figure of persons who self-declared as not having a nationality. It includes 6,176 persons who are registered as stateless by the Ministry of the Interior of Ukraine.","Цифри, надані в Україні, є екстраполяцією перепису 2001 року осіб, які заявили, що не мають громадянства. До нього входять 6176 осіб, які перебувають на обліку МВС України як особи без громадянства."
2023,Kazakhstan, ,KAZ,,REF,"Based on the information reported in the media as well as UNHCR protection monitoring activities, UNHCR estimates there to be 42,412 people of various origins in Kazakhstan who may be in need of international protection.","На підставі інформації, оприлюдненої в ЗМІ, а також діяльності УВКБ ООН з моніторингу захисту, УВКБ ООН вважає, що в Казахстані перебуває 42 412 осіб різного походження, які можуть потребувати міжнародного захисту."
2021,Spain, ,ESP,,REF,"The overall figures for Spain include refugee status (11%), subsidiary protection (16%) and humanitarian reasons (73%).","Загальні цифри для Іспанії включають статус біженця (11%), додатковий захист (16%) і гуманітарні причини (73%)."
2022,Ukraine, ,UKR,,"REF,ASY,IDP,STA,OOC,HST,OIP","UNHCR continues to report on the 2,534 refugees and 36,241 stateless people until their status and whereabouts can be ascertained. For asylum-seekers, end of year figures account also for those who confirmed their spontaneous departure to UNHCR from February 2022. The others of concern figure at end-2022 corresponds to the number of conflict-affected, non-displaced people assisted by UNHCR during the year.","УВКБ ООН продовжує повідомляти про 2 534 біженців і 36 241 особу без громадянства, поки не буде встановлено їхній статус і місцезнаходження. Для шукачів притулку дані на кінець року також враховують тих, хто підтвердив свій спонтанний виїзд до УВКБ ООН з лютого 2022 року. Інші дані, що викликають занепокоєння, на кінець 2022 року відповідають кількості постраждалих від конфлікту непереміщених осіб, яким УВКБ ООН допомогло протягом року."
2018,Bangladesh, ,BGD,,STA,"The figure reported under “Stateless people including displaced Rohingya population from Myanmar” relates to stateless persons who are also refugees from Myanmar, mainly from Rakhine State. This figure exceptionally includes 906,635 stateless refugees who are also counted in the column under “Refugees” in Annex Table 1. UNHCR’s statistical reporting currently follows a methodology that reports on one legal status as a person of concern only. However, due to the extraordinary size of the newly displaced stateless population in Bangladesh, UNHCR considered it important to reflect, on an exceptional basis, the dual status that this population group possesses as both refugees and stateless persons as to do otherwise might convey the mistaken impression that the overall number of stateless persons has declined significantly.","Цифра, наведена в розділі «Люди без громадянства, включаючи переміщене населення рохінджа з М’янми», стосується осіб без громадянства, які також є біженцями з М’янми, переважно зі штату Ракхайн. Ця цифра включає лише 906 635 біженців без громадянства, які також враховані в колонці «Біженці» в таблиці 1 Додатку. Статистична звітність УВКБ ООН наразі дотримується методології, яка звітує лише про один правовий статус особи, що є предметом піклування. Однак через надзвичайну чисельність новопереміщеного населення без громадянства в Бангладеш УВКБ ООН визнало важливим відобразити, у виняткових випадках, подвійний статус, який має ця група населення як біженців, так і осіб без громадянства, оскільки в іншому випадку може створитися помилкове враження, що загальна кількість осіб без громадянства значно скоротилася."
2020,Angola, ,AGO,,"REF,ASY,IDP,STA,OOC,HST,OIP","The numbers refer to mid-2020, as data for end-2020 was not available at time of publication.","Цифри стосуються середини 2020 року, оскільки на момент публікації дані на кінець 2020 року були недоступні."
2025,Austria, ,AUT,,REF,"Official statistics on the size of the refugee population are not available. UNHCR refugee population estimates is based on the cumulative number of recognized asylum-seekers over the past 10 years, plus the reported number of beneficiaries of Temporary Protection in the country by mid-2025.","Офіційної статистики щодо кількості біженців немає. Оцінки УВКБ ООН щодо кількості біженців базуються на загальній кількості визнаних шукачів притулку за останні 10 років, а також на повідомлену кількість бенефіціарів тимчасового захисту в країні до середини 2025 року."
2023,Italy, ,ITA,,REF,"The number of refugees was rebased using updated data on the number of residence permit holder with refugee status and temporary protection holders by the end of 2022, available from Eurostat.","Кількість біженців було перераховано з використанням оновлених даних щодо кількості власників посвідки на проживання зі статусом біженця та тих, хто отримав тимчасовий захист, на кінець 2022 року, доступних від Євростату."
2018,Nauru, ,NRU,,"REF,ASY,IDP,STA,OOC,HST,OIP",The data was provided by the Government on 9 January 2019.,Дані були надані Урядом 9 січня 2019 року.
2024,Colombia, ,COL,,IDP,"The National Victims Registry of Colombia contains the historical accumulated figure of the number of victims of displacement which continues to increase, given that victims continue to be registered in the country. Thus, the total number of persons recognized as victims of displacement (more than 8.7 million), includes the number of IDPs who are subject to attention and/or reparation, i.e. those who meet the requirements to access the measures of attention and reparation established in Colombian Law 1448 (7 million). The number of victims of displacement who are deceased, direct victims of forced disappearance and homicide, and other victims who, for various reasons, cannot effectively access these measures, are identified as not being subject to attention or reparation and therefore not included in the figure of 7 million. The figure is constantly updated, considering that by legal definition, victims have up to two years to make their declaration and be included in the registry system. See the summary: https://www.unidadvictimas.gov.co/es/registro-unico-de-victimas-ruv/.","Національний реєстр жертв Колумбії містить дані про кількість жертв переміщення, яка продовжує зростати, враховуючи, що жертви продовжують реєструватися в країні. Таким чином, загальна кількість осіб, визнаних жертвами переміщення (понад 8,7 мільйона), включає кількість ВПО, які підлягають догляду та/або відшкодуванню, тобто тих, хто відповідає вимогам щодо доступу до заходів догляду та відшкодування, встановленим колумбійським Законом 1448 (7 мільйонів). Кількість жертв переміщення, які померли, прямих жертв насильницького зникнення та вбивства, а також інших жертв, які з різних причин не можуть ефективно отримати доступ до цих заходів, визначено як такі, що не підлягають уваги чи відшкодуванню, і тому не включені до цифри в 7 мільйонів. Цифра постійно оновлюється, враховуючи, що за юридичним визначенням жертви мають до двох років, щоб подати декларацію та бути внесеними до системи реєстру. Перегляньте резюме: https://www.unidadvictimas.gov.co/es/registro-unico-de-victimas-ruv/."
2021,Albania, ,ALB,,STA,"From various sources such as civil status offices, health institutions, schools, municipal child protection units, and social services, UNHCR estimates the number of people with undetermined nationality (at risk of statelessness).","З різних джерел, таких як відділи цивільного стану, заклади охорони здоров’я, школи, муніципальні відділи захисту дітей та соціальні служби, УВКБ ООН оцінює кількість людей з невизначеним громадянством (під загрозою втрати громадянства)."
2018,Germany, ,DEU,,STA,This figure is based on the number of stateless persons registered in the German Central Aliens Register as being “stateless”. The number of stateless persons counted as asylum seekers as well as the number of stateless counted under “refugee population” have been deducted. Persons registered under the category “undefined nationality” are not included in the statistics.,"Ця цифра базується на кількості осіб без громадянства, зареєстрованих у Центральному реєстрі іноземців Німеччини як «апатриди». Кількість осіб без громадянства, зарахованих до шукачів притулку, а також кількість осіб без громадянства, зарахованих до «біженців», були вираховані. Особи, зареєстровані за категорією «невизначеної національності», до статистики не включаються."
2020,Indonesia, ,IDN,,STA,"The total statelessness figure reported relates to 874 stateless persons of Rohingya ethnicity who are also counted as refugees or asylum-seekers from Myanmar, mainly from Rakhine State. UNHCR’s statistical reporting generally follows a methodology that reports only one legal status for each person of concern. However, due to the size of the stateless Rohingya population displaced from Myanmar, UNHCR considers it important to reflect the dual status of this population group as both displaced and stateless. This approach is being used for Indonesia for the first time in 2019. There are also indications that a potentially sizable population of non-displaced stateless persons exists for whom no data is available.","Повідомлена загальна кількість безгромадянства стосується 874 осіб без громадянства етнічної приналежності до рохінджа, які також вважаються біженцями або шукачами притулку з М’янми, переважно зі штату Ракхайн. Статистична звітність УВКБ ООН, як правило, дотримується методології, яка повідомляє лише про один правовий статус для кожної відповідної особи. Однак через чисельність рохінджа без громадянства, переміщеного з М’янми, УВКБ ООН вважає важливим відобразити подвійний статус цієї групи населення як переміщених осіб, так і осіб без громадянства. Цей підхід вперше використовується для Індонезії в 2019 році. Є також ознаки того, що існує потенційно значна кількість непереміщених осіб без громадянства, щодо яких немає даних."
2025,Italy, ,ITA,,REF,"The total number of refugees by mid-2025 is an estimation based on the data on recognized refugees by end-2024, adding the recognitions during the first half of 2025 and deducting the recognitions during the first half of 2015, to which the total number of temporary protection status holders by mid-year was added.","Загальна кількість біженців до середини 2025 року – це оцінка, яка ґрунтується на даних про визнаних біженців до кінця 2024 року, додаючи визнання протягом першої половини 2025 року та вираховуючи визнання протягом першої половини 2015 року, до яких додається загальна кількість осіб, які отримали статус тимчасового захисту до середини року."
2023 - 2024,United States of America, ,USA,,REF,The United States of America has also offered temporary status in certain circumstances to people in need of international protection. UNHCR is in discussions with the U.S. government about how to best reflect such datapoints for all relevant populations in future reporting cycles.,"Сполучені Штати Америки також запропонували тимчасовий статус за певних обставин людям, які потребують міжнародного захисту. УВКБ ООН обговорює з урядом США спосіб найкращого відображення таких даних для всіх відповідних груп у майбутніх циклах звітності."
2023,Pakistan,Afghanistan,PAK,AFG,REF,"The 2.0 million refugees include around 1,371,400 registered refugees and around 143,900 unregistered members of registered families who were recorded through the documentation renewal and information verification exercise (DRIVE) and are being verified at the time of reporting. It also includes an estimated 472,900 Afghans who sought asylum in Pakistan, following transition in Afghanistan in August 2021. In total, some 600,000 Afghans have arrived in Pakistan since then, according to the Government estimates.","2,0 мільйона біженців включають близько 1 371 400 зареєстрованих біженців і близько 143 900 незареєстрованих членів зареєстрованих сімей, які були зареєстровані під час оновлення документів і перевірки інформації (DRIVE) і перевіряються на момент звітування. Сюди також входять приблизно 472 900 афганців, які попросили притулку в Пакистані після переходу в Афганістан у серпні 2021 року. Загалом, за оцінками уряду, з того часу до Пакистану прибуло близько 600 000 афганців."
2024 - 2025,Saudi Arabia, ,SAU,,ASY,"Only those asylum-seekers facing acute or imminent protection risks are registered by UNHCR. In addition, there are some 3,900 other asylum-seekers who were individually assessed, counselled and advised to inform UNHCR of any changes in their situation, which would justify a decision to register them.","УВКБ ООН реєструє лише тих шукачів притулку, яким загрожує гострий або неминучий захист. Крім того, є близько 3900 інших шукачів притулку, які пройшли індивідуальну оцінку, поради та поради щодо інформування УВКБ ООН про будь-які зміни в їхній ситуації, які б виправдали рішення про їх реєстрацію."
2025,Nepal, ,NPL,,STA,"Various studies estimate that a significant number of individuals originally from Nepal lack citizenship certificates. While these individuals originally from Nepal are not all necessarily stateless, UNHCR has been working closely with the Government of Nepal and partners to address this situation. 477 stateless persons of Rohingya ethnicity who are also counted as refugees or asylum-seekers from Myanmar, mainly from Rakhine State, are reported in Nepal.","Згідно з різними дослідженнями, значна кількість вихідців з Непалу не мають сертифікатів про громадянство. Хоча ці особи, родом з Непалу, не обов’язково є особами без громадянства, УВКБ ООН тісно співпрацює з урядом Непалу та партнерами, щоб вирішити цю ситуацію. У Непалі повідомляється про 477 осіб без громадянства етнічної приналежності до рохінджа, які також вважаються біженцями або шукачами притулку з М’янми, переважно зі штату Ракхайн."
2024,Uzbekistan, ,UZB,,STA,"Authorities in Uzbekistan confirmed that the number of stateless persons with permanent residence has decreased below 20,000, leading to a revision of the previous statistics as of 31 December 2023. The figures will be reviewed once official data for 2024 becomes available. Information on categories of statelessness, other than stateless persons with permanent residence is unavailable.","Влада Узбекистану підтвердила, що кількість осіб без громадянства з постійним місцем проживання знизилася нижче 20 000, що призвело до перегляду попередньої статистики станом на 31 грудня 2023 року. Цифри будуть переглянуті, коли стануть доступними офіційні дані за 2024 рік. Інформація про категорії осіб без громадянства, крім осіб без громадянства з постійним місцем проживання, недоступна."
2020,Latvia, ,LVA,,STA,"With respect to persons under UNHCR’s statelessness mandate, this figure includes persons of concern covered by two separate Latvian laws. 160 persons fall under the Republic of Latvia’s Law on Stateless Persons on 17 February 2004. 209,007 of the persons fall under Latvia’s 25 April 1995 Law on the Status of those Former USSR Citizens who are not Citizens of Latvia or Any Other State (“Non-citizens”). In the specific context of Latvia, the “Non-citizens” enjoy the right to reside in Latvia ex lege and a set of rights and obligations generally beyond the rights prescribed by the 1954 Convention relating to the Status of Stateless Persons, including protection from removal, and as such the “Non-citizens” may currently be considered persons to whom the Convention does not apply in accordance with Article 1.2(ii).","Стосовно осіб, які підпадають під мандат УВКБ ООН щодо осіб без громадянства, ця цифра включає осіб, які підпадають під дію двох окремих законів Латвії. 160 осіб підпадають під дію Закону Латвійської Республіки про осіб без громадянства від 17 лютого 2004 року. 209 007 осіб підпадають під дію Закону Латвії від 25 квітня 1995 року про статус громадян колишнього СРСР, які не є громадянами Латвії чи будь-якої іншої держави («негромадяни»). У конкретному контексті Латвії «негромадяни» користуються правом проживати в Латвії ex lege та низкою прав і обов’язків, які загалом окрім прав, передбачених Конвенцією про статус осіб без громадянства 1954 року, включаючи захист від видворення, і як такі «негромадяни» наразі можуть вважатися особами, до яких Конвенція не застосовується відповідно до статті 1.2(ii)."
2024,South Sudan, ,SSD,,STA,"The reported figure is a preliminary estimate of persons of undetermined nationality by UNHCR. The start-year estimate is based on the UNHCR 2018 statelessness study which documents specific profiles of groups at risk of statelessness in South Sudan. During 2024, 19,561 people at risk of statelessness were assessed and issued nationality certificates. 27,411 additional people of undetermined nationality status were identified.","Повідомлена цифра є попередньою оцінкою УВКБ ООН щодо осіб невизначеного громадянства. Оцінка на початок року базується на дослідженні безгромадянства УВКБ ООН у 2018 році, яке документує конкретні профілі груп ризику безгромадянства в Південному Судані. Протягом 2024 року 19 561 особі групи ризику безгромадянства пройшли оцінку та видали посвідчення про громадянство. Виявлено ще 27 411 осіб невизначеного національного статусу."
2019 - 2020,Cote d'Ivoire, ,CIV,,STA,The new statelessness figure is based on a 2019 mapping study jointly conducted by the Government and UNHCR.,"Нова цифра безгромадянства базується на картографічному дослідженні 2019 року, проведеному спільно урядом та УВКБ ООН."
2022 - 2025,Mexico, ,MEX,,IDP,"The IDP figure can be found at CONAPO (2021) ""Diagnóstico nacional sobre la situación del desplazamiento forzado interno en México"" (https://www.gob.mx/cms/uploads/attachment/file/681782/Diagn_stico_nacional_sobre_la_situaci_n_del_desplazamiento_forzado_interno.pdf), where it is mentioned that 262,411 IDPs were displaced due to insecurity causes (pg18) and 24,376 IDPs due to disasters (pg 49). These calculations are based on 2020 Population and Housing Census carried out by INEGI.","Цифру ВПО можна знайти на CONAPO (2021) ""Diagnóstico nacional sobre la situación del desplazamiento forzado interno en México"" (https://www.gob.mx/cms/uploads/attachment/file/681782/Diagn_stico_nacional_sobre_la_situaci_n_del_desplazamiento_forzado_interno.pdf), де згадується, що 262 411 ВПО були переміщені через причини небезпеки (стор. 18) і 24 376 ВПО внаслідок катастроф (стор. 49). Ці розрахунки базуються на переписі населення та житлового фонду 2020 року, проведеному INEGI."
2025,Montenegro, ,MNE,,STA,"With regards to stateless statistics, in November 2017, jointly with the Ministry of the Interior of Montenegro (MoI) and the Ministry of Labor and Social Welfare, UNHCR carried out a field verification of all ex-Yugoslav refugees with unresolved legal status and persons at risk of statelessness, known to UNHCR at that time. The field exercise covered 2,318 individuals (including 42% children) in 20 out of 23 municipalities of Montenegro. Based on the verification results, in 2018 UNHCR reported at least 605 persons at risk of statelessness (145 at risk of statelessness and 460 in a statelessness like situation). During 2024 and 2025 their number decreased by 93 persons. However, an additional 67 persons at risk of statelessness were identified in the field, leading to the total number of 380 persons at risk of statelessness at the end of June 2025.  In 2018, Montenegro introduced formal statelessness determination procedure in its legal system. By the end of June 2025, through that procedure, 10 persons were living as officially recognized stateless persons in Montenegro .","Що стосується статистики осіб без громадянства, то в листопаді 2017 року спільно з Міністерством внутрішніх справ Чорногорії (МВС) і Міністерством праці та соціального забезпечення УВКБ ООН провело польову перевірку всіх біженців з колишньої Югославії з невирішеним правовим статусом та осіб, які ризикують залишитися без громадянства, відомих УВКБ ООН на той час. Польове навчання охопило 2318 осіб (включаючи 42% дітей) у 20 із 23 муніципалітетів Чорногорії. За результатами верифікації, у 2018 році УВКБ ООН повідомило про щонайменше 605 осіб, які перебувають у групі ризику безгромадянства (145 у групі ризику без громадянства та 460 у ситуації, подібній до безгромадянства). Протягом 2024 та 2025 років їх кількість зменшилася на 93 особи. Однак на місцях було виявлено ще 67 осіб, яким загрожує безгромадянства, що призвело до загальної кількості 380 осіб, яким загрожує безгромадянства, на кінець червня 2025 року. У 2018 році Чорногорія запровадила офіційну процедуру визначення безгромадянства у своїй правовій системі. Станом на кінець червня 2025 року через цю процедуру 10 осіб проживали в Чорногорії як офіційно визнані особи без громадянства."
2019,Latvia, ,LVA,,STA,"With respect to persons under UNHCR’s statelessness mandate, this figure includes persons of concern covered by two separate Latvian laws. 169 persons fall under the Republic of Latvia’s Law on Stateless Persons of 17 February 2004. 216,682 of the persons fall under Latvia’s 25 April 1995 Law on the Status of those Former USSR Citizens who are not Citizens of Latvia or Any Other State (“Non-citizens”). In the specific context of Latvia, the “Non-citizens” enjoy the right to reside in Latvia ex lege and a set of rights and obligations generally beyond the rights prescribed by the 1954 Convention relating to the Status of Stateless Persons, including protection from removal, and as such the “Non-citizens” may currently be considered persons to whom the Convention does not apply in accordance with Article 1.2(ii).","Стосовно осіб, які підпадають під мандат УВКБ ООН щодо осіб без громадянства, ця цифра включає осіб, які підпадають під дію двох окремих законів Латвії. 169 осіб підпадають під дію Закону Латвійської Республіки про осіб без громадянства від 17 лютого 2004 року. 216 682 особи підпадають під дію Закону Латвії від 25 квітня 1995 року про статус громадян колишнього СРСР, які не є громадянами Латвії чи іншої держави («негромадяни»). У конкретному контексті Латвії «негромадяни» користуються правом проживати в Латвії ex lege та низкою прав і обов’язків, які загалом окрім прав, передбачених Конвенцією про статус осіб без громадянства 1954 року, включаючи захист від видворення, і як такі «негромадяни» наразі можуть вважатися особами, до яких Конвенція не застосовується відповідно до статті 1.2(ii)."
2023,Latvia, ,LVA,,STA,"With respect to persons under UNHCR’s statelessness mandate, this figure includes persons of concern covered by two separate Latvian laws. 159 persons fall under the Republic of Latvia’s Law on Stateless Persons on 17 February 2004. 180,455 of the persons fall under Latvia’s 25 April 1995 Law on the Status of those Former USSR Citizens who are not Citizens of Latvia or Any Other State (“Non-citizens”). In the specific context of Latvia, the “Non-citizens” enjoy the right to reside in Latvia ex lege and a set of rights and obligations generally beyond the rights prescribed by the 1954 Convention relating to the Status of Stateless Persons, including protection from removal, and as such the “Non-citizens” may currently be considered persons to whom the Convention does not apply in accordance with Article 1.2(ii).","Стосовно осіб, які підпадають під мандат УВКБ ООН щодо осіб без громадянства, ця цифра включає осіб, які підпадають під дію двох окремих законів Латвії. 159 осіб підпадають під дію Закону Латвійської Республіки про осіб без громадянства від 17 лютого 2004 року. 180 455 осіб підпадають під дію Закону Латвії від 25 квітня 1995 року про статус громадян колишнього СРСР, які не є громадянами Латвії чи іншої держави («негромадяни»). У конкретному контексті Латвії «негромадяни» користуються правом проживати в Латвії ex lege та низкою прав і обов’язків, які загалом окрім прав, передбачених Конвенцією про статус осіб без громадянства 1954 року, включаючи захист від видворення, і як такі «негромадяни» наразі можуть вважатися особами, до яких Конвенція не застосовується відповідно до статті 1.2(ii)."
2018,Uzbekistan, ,UZB,,STA,"The statelessness figure refers to stateless persons with permanent residence reported by the Government of Uzbekistan in 2010. The figure has been adjusted to reflect that citizenship of Uzbekistan has been granted to 6,761 persons since December 2016.","Показник безгромадянства відноситься до осіб без громадянства з постійним місцем проживання, про який повідомляв уряд Узбекистану в 2010 році. Цифру було скориговано, щоб відобразити, що з грудня 2016 року громадянство Узбекистану було надано 6761 особі."
2025,Greece, ,GRC,,REF,"With regards to refugee statistics, the number of refugees by mid-2025 correspond to data on individuals holding active residence permits under refugee status or temporary protection as of June 2025.","Що стосується статистики біженців, то кількість біженців на середину 2025 року відповідає даним щодо осіб, які мають активний дозвіл на проживання за статусом біженця або тимчасовим захистом станом на червень 2025 року."
2023,Iceland, ,ISL,,STA,The decrease in the stateless population in Iceland between 2022 and 2023 is due to de-duplication of figures reported in previous years.,"Зменшення чисельності населення без громадянства в Ісландії між 2022 і 2023 роками пов’язане з усуненням дублювання даних, повідомлених за попередні роки."
2022,Montenegro, ,MNE,,STA,"In November 2017, jointly with the MoI and the MLSW, UNHCR carried out a field verification of all ex-Yugoslav refugees with unresolved status issues, including those at potential risk of statelessness. The field exercise covered 2,318 individuals (including 42% children) in 20 out of 23 municipalities. Based on the verification results, UNHCR reported on at least 145 persons at risk of statelessness and 460 in a statelessness like situation.  During 2022 their number decreased for 46 persons, however new 47 persons at risk of statelessness were identified through a formal statelessness determination procedure introduced in 2018, leading to the total number of 494 persons at risk of statelessness at the end of 2022. By the end of 2022, 9 more persons were recognized as stateless by the Ministry of Interior of Montenegro. Some 46 persons acquired nationality during the year.","У листопаді 2017 року спільно з МВС та МРСБ УВКБ ООН здійснило польову перевірку всіх біженців з колишньої Югославії з невирішеними питаннями статусу, включно з тими, яким потенційно загрожує особа без громадянства. Польове навчання охопило 2318 осіб (включаючи 42% дітей) у 20 із 23 муніципалітетів. За результатами перевірки УВКБ ООН повідомило про щонайменше 145 осіб, які перебувають у групі ризику безгромадянства, та 460 осіб, які перебувають у ситуації, подібній до безгромадянства.  Протягом 2022 року їхня кількість зменшилася на 46 осіб, однак за допомогою офіційної процедури визначення безгромадянства, запровадженої у 2018 році, було виявлено нових 47 осіб, які перебувають у групі ризику безгромадянства, що призвело до загальної кількості 494 осіб, яким загрожує безгромадянства, на кінець 2022 року. До кінця 2022 року ще 9 осіб були визнані особами без громадянства Міністерством внутрішніх справ Чорногорії. Протягом року громадянство отримали 46 осіб."
2025, ,State of Palestine,,PSE,REF,Refers to Palestinian refugees under UNHCR's mandate only.,Відноситься лише до палестинських біженців під мандатом УВКБ ООН.
2025,South Sudan, ,SSD,,STA,"The reported figure is a preliminary estimate of persons of undetermined nationality by UNHCR. In 2025, 18,000 people at risk of statelessness were assessed, most of who are being assisted in obtaining  nationality certificates.","Повідомлена цифра є попередньою оцінкою УВКБ ООН щодо осіб невизначеного громадянства. У 2025 році було оцінено 18 000 осіб, яким загрожує особа без громадянства, більшості з яких надається допомога в отриманні сертифікатів громадянства."
2021,Pakistan, ,PAK,,REF,"The 1.5 million refugees includes around 1,252,800 registered refugees, around 129,700 unregistered members of registered families who were being verified at the time of reporting and were recorded through the documentation renewal and information verification exercise (DRIVE) and around 108,000 Afghans who arrived in the country on or after 1 January 2021.","1,5 мільйона біженців включають близько 1 252 800 зареєстрованих біженців, близько 129 700 незареєстрованих членів зареєстрованих сімей, які перевірялися на момент подання звіту та були зареєстровані за допомогою оновлення документів і перевірки інформації (DRIVE), а також близько 108 000 афганців, які прибули в країну 1 січня 2021 року або пізніше."
2023,Bulgaria, ,BGR,,STA,The decrease reflects acquisition or confirmation of nationality and updated estimates of stateless refugees in Bulgaria.,Зменшення відображає отримання або підтвердження громадянства та оновлені оцінки біженців без громадянства в Болгарії.
2020,United States of America, ,USA,,ASY,"Asylum applications which are reported as cases can be multiplied overall by average number of person per case of 1.5 when summarising the data by country of asylum, but not origin.  This is due to the significant variance in the average case size by country of origin.","Прохання про надання притулку, які зареєстровані як випадки, можуть бути помножені на середню кількість осіб на випадок 1,5 при узагальненні даних за країною притулку, але не за походженням.  Це пов’язано зі значними відмінностями в середньому розмірі справ залежно від країни походження."
2020,Nepal, ,NPL,,STA,"Various studies estimate that a large number of individuals lack citizenship certificates in Nepal. While these individuals are not all necessarily stateless, UNHCR has been working closely with the Government of Nepal and partners to address this situation. 371 stateless persons of Rohingya ethnicity who are also counted as refugees or asylum-seekers from Myanmar, mainly from Rakhine State, are reported in Nepal. UNHCR’s statistical reporting generally follows a methodology that reports only one legal status for each person of concern. However, due to the size of the stateless Rohingya population displaced from Myanmar, UNHCR considers it important to reflect the dual status of this population group as both displaced and stateless. This approach is being used for Nepal for the first time in 2020.","Згідно з різними дослідженнями, велика кількість людей не мають сертифікатів громадянства в Непалі. Хоча не всі ці особи є особами без громадянства, УВКБ ООН тісно співпрацює з урядом Непалу та партнерами, щоб вирішити цю ситуацію. У Непалі повідомляється про 371 особу без громадянства рохінджа, які також вважаються біженцями або шукачами притулку з М’янми, переважно зі штату Ракхайн. Статистична звітність УВКБ ООН, як правило, дотримується методології, яка повідомляє лише про один правовий статус для кожної відповідної особи. Однак через чисельність рохінджа без громадянства, переміщеного з М’янми, УВКБ ООН вважає важливим відобразити подвійний статус цієї групи населення як переміщених осіб, так і осіб без громадянства. Цей підхід вперше використовується для Непалу в 2020 році."
2021,Italy, ,ITA,,STA,"This figure is a combination of data published by the National Institute of Statistics (552 as of 1 January 2021), as well as estimates from NGOs on the number of persons who are stateless or at risk of statelessness present in Italy (see the advocacy paper of the Working Group on Statelessness, https://tavoloapolidia.org/app/uploads/2021/09/Advocacy-Paper-Tavolo-Apolidia_2021_def.pdf).","Ця цифра є комбінацією даних, опублікованих Національним інститутом статистики (552 станом на 1 січня 2021 року), а також оцінок неурядових організацій щодо кількості осіб без громадянства або осіб, яким загрожує безгромадянства, в Італії (див. пропагандистський документ Робочої групи з питань безгромадянства, https://tavoloapolidia.org/app/uploads/2021/09/Advocacy-Paper-Tavolo-Apolidia_2021_def.pdf)."
2023,Denmark, ,DNK,,STA,The decrease in the stateless population in Denmark between 2022 and 2023 is due to de-duplication of figures reported in previous years.,"Зменшення чисельності населення без громадянства в Данії між 2022 і 2023 роками пов’язане з усуненням дублювання даних, повідомлених за попередні роки."
2022,Philippines, ,PHL,,STA,"The updated figure is based on improved information concerning persons of Indonesian descent who have acquired nationality. The total statelessness figure reported also includes 11 stateless persons of Rohingya ethnicity who are also counted as refugee or asylum-seeker from Myanmar, mainly from Rakhine State.","Оновлена ​​цифра базується на покращенні інформації щодо осіб індонезійського походження, які отримали громадянство. Повідомлена загальна кількість осіб без громадянства також включає 11 осіб без громадянства етнічної приналежності рохінджа, які також вважаються біженцями або шукачами притулку з М’янми, переважно зі штату Ракхайн."
2024 - 2025,Lebanon, ,LBN,,STA,"The estimated figure of stateless persons in Lebanon is around 40,000. However, there is no official data on the scope of statelessness in Lebanon. Recent studies, including a 2021 study in Akkar undertaken by UNHCR and SIREN Associates, indicate that an estimated 27,000 to 40,000 persons in Lebanon lack a nationality. This does not include any estimate of statelessness amongst populations displaced to Lebanon, or of populations that may be at risk of statelessness. This reported figure will be reviewed as more information becomes available.","За оцінками, кількість осіб без громадянства в Лівані становить близько 40 000 осіб. Однак офіційних даних щодо масштабів безгромадянства в Лівані немає. Нещодавні дослідження, включаючи дослідження 2021 року в Аккарі, проведене УВКБ ООН та SIREN Associates, показують, що приблизно від 27 000 до 40 000 осіб у Лівані не мають громадянства. Це не включає будь-які оцінки безгромадянства серед населення, переміщеного до Лівану, або населення, яке може бути під загрозою безгромадянства. Ця повідомлена цифра буде переглянута, коли буде доступна додаткова інформація."
2021,Uganda, ,UGA,,STA,The figure represents a rudimentary estimate of in situ stateless persons. These estimates were provided by representatives from these unrecognized communities. The estimated figures have not been verified or confirmed by the government of Uganda and UNHCR and UNHCR is planning to support government efforts to gather official statistics on stateless persons and persons of undetermined nationality in Uganda.,"Цифра являє собою елементарну оцінку осіб без громадянства in situ. Такі оцінки надали представники цих невизнаних громад. Приблизні цифри не були перевірені або підтверджені урядом Уганди та УВКБ ООН, і УВКБ ООН планує підтримати зусилля уряду зі збору офіційної статистики щодо осіб без громадянства та осіб невизначеного громадянства в Уганді."
2022,Canada, ,CAN,,REF,"A population census in 2021, resulted in a revision of the number of persons under international protection living in Canada, which was previously estimated by UNHCR. Year-end stock refers to protected persons who are yet to acquire permanent resident status.","Перепис населення у 2021 році призвів до перегляду кількості осіб під міжнародним захистом, які проживають у Канаді, яку раніше оцінювало УВКБ ООН. Запас на кінець року стосується осіб, які перебувають під захистом, які ще не набули статусу постійного резидента."
2022,Japan, ,JPN,,REF,"In 2022, people provided international protection on the basis of the humanitarian situation in their country of origin were reported as in a refugee-like situation.","У 2022 році люди, яким надано міжнародний захист на підставі гуманітарної ситуації в країні їхнього походження, зазначалися як такі, що перебувають у ситуації біженців."
2025,Guatemala, ,GTM,,IDP,"The first official estimate of the number of IDPs is reported in Guatemala. The figure of 573,000 IDPs is derived from the 2023 National Living Conditions Survey.",Перші офіційні оцінки кількості ВПО надійшли в Гватемалі. Цифра 573 000 ВПО отримана з Національного дослідження умов життя 2023 року.
2019,Colombia, ,COL,,STA,"With regard to the statelessness figures, in 2019, Colombia granted nationality by birth to 28,500 children with undetermined nationality born in Colombia to Venezuelan parents displaced abroad. As these children were both identified as persons with undetermined nationality and granted Colombian nationality in 2019, there was no impact on the figures reported.","Що стосується цифр безгромадянства, то в 2019 році Колумбія надала громадянство за народженням 28 500 дітям з невизначеним громадянством, які народилися в Колумбії від батьків Венесуели, переміщених за кордон. Оскільки ці діти були визначені як особи з невизначеним громадянством і отримали колумбійське громадянство в 2019 році, це не вплинуло на повідомлені цифри."
2018,Kazakhstan, ,KAZ,,ASY,"Asylum applications which are reported as cases can be multiplied overall by average number of person per case of 3 when summarising the data by country of asylum, but not origin.  This is due to the significant variance in the average case size by country of origin.","Прохання про надання притулку, які зареєстровані як випадки, можуть бути помножені на середню кількість осіб на випадок 3 під час узагальнення даних за країною притулку, але не за походженням.  Це пов’язано зі значними відмінностями в середньому розмірі справ залежно від країни походження."
2022,South Africa, ,ZAF,,"REF,ASY,IDP,STA,OOC,HST,OIP","In South Africa, all refugees and asylum-seekers with valid permits were considered to be active during the COVID-19 pandemic era as long as their permit’s expiry dates were after the breakout of the pandemic. With the resumption of normal services in 2022, many permits have been inactivated and are therefore considered to be administrative closures.  In total, some 72,200 individuals either did not extend their permits or the extended permits became inactive by the end of the year. Individuals whose permits have been inactivated can reapply although asylum-seekers and refugees have reported challenges in accessing the online renewal system.","У Південній Африці всі біженці та шукачі притулку з дійсними дозволами вважалися активними під час епохи пандемії COVID-19, якщо термін дії дозволу закінчувався після початку пандемії. З відновленням нормального обслуговування у 2022 році багато дозволів було деактивовано, і тому вони вважаються адміністративними закриттями.  Загалом до кінця року близько 72 200 осіб або не продовжили свої дозволи, або продовжені дозволи стали неактивними. Особи, чиї дозволи були анульовані, можуть повторно подати заяву, хоча шукачі притулку та біженці повідомляють про проблеми з доступом до онлайн-системи поновлення."
2020,Croatia, ,HRV,,STA,Figure from the 2011 census. It includes 27 persons registered as stateless by the Government of Croatia.,"Цифра з перепису 2011 року. До неї входять 27 осіб, зареєстрованих урядом Хорватії як особи без громадянства."
2019,Tajikistan, ,TJK,,STA,Figure based on a registration exercise in three regions and 840 people registered as stateless by the Ministry of Internal Affairs of Tajikistan.,"Цифра заснована на реєстрації в трьох регіонах і 840 осіб, зареєстрованих як особи без громадянства Міністерством внутрішніх справ Таджикистану."
2025,Tajikistan, ,TJK,,STA,"The figures are based on a registration exercise in 2015 in three regions, leading to the registration of 842 people as stateless by the Ministry of Internal Affairs of Tajikistan and has increased until mid-2025 to 1,582, as additional people were identified. The remaining 2,493 persons reflects individuals identified by UNHCR partners as at risk of statelessness or with undetermined nationality awaiting a solution from the government, as well as individuals who obtained residency permits for stateless persons reported by UNHCR partners. During the first half of 2025, 744 people were able to acquire nationality.","Ці цифри базуються на реєстрації в 2015 році в трьох регіонах, що призвело до реєстрації 842 осіб як осіб без громадянства Міністерством внутрішніх справ Таджикистану та зросло до середини 2025 року до 1582, оскільки було ідентифіковано додаткових осіб. Решта 2493 особи — це особи, визначені партнерами УВКБ ООН як такі, що мають ризик втрати громадянства або невизначеного громадянства, які очікують рішення від уряду, а також особи, які отримали дозвіл на проживання для осіб без громадянства, про яких повідомили партнери УВКБ ООН. За перше півріччя 2025 року громадянство змогли отримати 744 особи."
2024,Lebanon, ,LBN,,REF,"The Lebanese government estimates that 1.5 million Syrians are in Lebanon (some 755,400 registered by UNHCR as well as 10,000 asylum-seekers and refugees of other nationalities).","За оцінками уряду Лівану, в Лівані перебуває 1,5 мільйона сирійців (близько 755 400 зареєстрованих УВКБ ООН, а також 10 000 шукачів притулку та біженців інших національностей)."
2018 - 2021,Czechia, ,CZE,,STA,Figure from the 2011 census.,Цифра з перепису 2011 року.
2024 - 2025,Egypt, ,EGY,,STA,"The number of reported stateless people reflects only those registered with, or otherwise individually known to, UNHCR. It does not include an estimate of all stateless people in the country.","Кількість зареєстрованих осіб без громадянства відображає лише тих, хто зареєстрований або іншим чином відомий УВКБ ООН. Він не включає оцінку всіх осіб без громадянства в країні."
2021,Iran (Islamic Rep. of), ,IRN,,REF,"This includes around 770,500 refugees and 27,800 UNHCR pre-registered new arrivals, reported as refugee-like. Based on information received from the Government in October 2020, the Islamic Republic of Iran hosts 800,000 refugees, of which 780,000 are Afghan Amayesh cardholders and 20,000 are Iraqi Hoviat cardholders. These cards effectively offer refugee status to their holders. UNHCR has been in continuous engagement with the authorities in relation to these figures ever since. In view of the absence of updated data, UNHCR sought to estimate the changes in the refugee population considering the natural growth and onward movements, estimating the total to be some 770,000 refugees (out of which 750,000 were Afghans and 20,000 Iraqis).","Це включає близько 770 500 біженців і 27 800 новоприбулих, попередньо зареєстрованих УВКБ ООН, про яких повідомляється як про біженців. Згідно з інформацією, отриманою від уряду в жовтні 2020 року, Ісламська Республіка Іран приймає 800 000 біженців, з яких 780 000 є власниками карток Amayesh в Афганістані та 20 000 є власниками карток Hoviat в Іраку. Ці картки фактично пропонують своїм власникам статус біженця. Відтоді УВКБ ООН постійно співпрацює з владою щодо цих цифр. Зважаючи на відсутність оновлених даних, УВКБ ООН спробувало оцінити зміни в популяції біженців з урахуванням природного зростання та подальших переміщень, оцінюючи загальну кількість близько 770 000 біженців (з яких 750 000 були афганцями та 20 000 іракцями)."
2025,Thailand, ,THA,,STA,"The total statelessness figure includes 598,800 stateless persons reported by the Royal Thai Government and registered with the national civil registration system by the end of June 2025, as well as other stateless individuals known to UNHCR, including permanent residents of Thailand who have not yet been granted nationality.","Загальна кількість осіб без громадянства включає 598 800 осіб без громадянства, про які повідомив Королівський уряд Таїланду та зареєстровані в національній системі реєстрації актів цивільного стану до кінця червня 2025 року, а також інших осіб без громадянства, відомих УВКБ ООН, включаючи постійних жителів Таїланду, які ще не отримали громадянство."
2018,Greece, ,GRC,,STA,"Includes people deprived of their citizenship under previous nationality legislation, stateless individuals with permanent residence who are recognized as ""stateless foreigners"" and other stateless persons resident in Greece.","Включає людей, позбавлених громадянства згідно з попереднім законодавством про громадянство, осіб без громадянства з постійним місцем проживання, які визнані «іноземцями без громадянства», та інших осіб без громадянства, які проживають у Греції."
2018,Syrian Arab Rep., ,SYR,,STA,"According to some reports many stateless persons were naturalized between 2011-2018, but no official figures are yet confirmed.","Згідно з деякими даними, багато осіб без громадянства були натуралізовані в 2011-2018 роках, але офіційні дані ще не підтверджені."
2024 - 2025,Costa Rica, ,CRI,,STA,"The figure includes individuals recognised as stateless (refugees, asylum-seekers and not displaced persons) and individuals who filed a new application to request recognition as a stateless person and who are pending resolution.","Ця цифра включає осіб, визнаних особами без громадянства (біженців, шукачів притулку та не переміщених осіб), та осіб, які подали нову заяву про визнання особи без громадянства та очікують вирішення."
2019,Ukraine, ,UKR,,OOC,Figure of others of concern relates to persons who have specific protection needs and live in non-government-controlled areas or within 20 km of the contact line in government-controlled areas.,"Кількість інших, що викликають занепокоєння, стосується осіб, які потребують особливого захисту та проживають на непідконтрольних уряду територіях або в межах 20 км від лінії зіткнення на підконтрольних уряду територіях."
2022,Dominican Rep., ,DOM,,STA,"UNHCR is currently working with the authorities and other actors to determine the size of the population affected by ruling 168-13 that found an effective nationality solution. Since the adoption of Law 169-14 in May 2014, important steps have been taken by the Dominican Republic to confirm Dominican nationality through the validation of birth certificates of individuals born in the country to two migrant parents before 2007. According to information shared by the Dominican delegation during the 2019 High-Level Segment on Statelessness, approximately 48% of the total Group A population of 61,049 persons had been authorized by the National Electoral Board (JCE) to request their nationality documentation. Additionally, as of December 2020, over 1,830 Group B persons (800 of which were children) – out of the 7,159 approved individuals who had applied to the regularization plan established in Law 169-14 - had submitted applications for naturalization to the Ministry of Interior and of the Police (MIP). Up until December 2022, two naturalization decrees had been issued granting Dominican nationality to 799 applicants, all of whom are still pending to receive nationality documentation.","Наразі УВКБ ООН працює з владою та іншими суб’єктами, щоб визначити чисельність населення, яке постраждало від постанови 168-13, яка знайшла ефективне рішення щодо громадянства. З моменту ухвалення Закону 169-14 у травні 2014 року Домініканська Республіка зробила важливі кроки для підтвердження домініканського громадянства шляхом перевірки свідоцтв про народження осіб, які народилися в країні від двох батьків-мігрантів до 2007 року. Згідно з інформацією, наданою делегацією Домінікани під час Сегменту високого рівня з питань безгромадянства у 2019 році, приблизно 48% із загального населення групи А у 61 049 осіб мали були уповноважені Національною виборчою комісією (JCE) запитувати документи про їх національність. Крім того, станом на грудень 2020 року понад 1830 осіб групи B (800 з яких були дітьми) - із 7159 схвалених осіб, які подали заявки на план регулярізації, встановлений Законом 169-14 - подали заяви про натуралізацію до Міністерства внутрішніх справ і поліції (MIP). До грудня 2022 року було видано два укази про натуралізацію, які надали домініканське громадянство 799 заявникам, усі вони ще очікують на отримання документів про громадянство."
2025,Russian Federation, ,RUS,,STA,"According to the results of the 2020 All-Russia Census finalized at end-2022, some 91,173 persons declared themselves stateless. The number of persons who have acquired Russian citizenship in each subsequent year has been subtracted from this total.","За результатами Всеросійського перепису населення 2020 року, завершеного наприкінці 2022 року, близько 91 173 особи визнали себе особами без громадянства. З цієї суми віднімається кількість осіб, які отримали російське громадянство в кожному наступному році."
2024 - 2025,Rwanda, ,RWA,,STA,"This figure presents an estimate of persons with undetermined nationality or those at risk of statelessness, based on a survey conducted by the Directorate General of Immigration and Emigration (DGIE) in 2010, which found approximately 9,500 persons to be at risk of statelessness. The 2023 population and housing census led to the identification of areas where populations reside who are stateless or at the risk thereof. A mapping exercise by the National Statelessness Taskforce led to the identification of additional populations (approx. 5,000 people) of undetermined nationality or at risk of statelessness.","Ця цифра представляє оцінку осіб з невизначеним громадянством або тих, хто ризикує залишитися без громадянства, на основі опитування, проведеного Генеральним управлінням імміграції та еміграції (DGIE) у 2010 році, яке виявило, що приблизно 9500 осіб ризикують залишитися без громадянства. Перепис населення та житлового фонду 2023 року привів до виявлення територій, де проживає населення, яке є особами без громадянства або ризикує опинитися без громадянства. Картування, проведене Національною робочою групою з питань безгромадянства, призвело до ідентифікації додаткових груп населення (приблизно 5000 осіб) невизначеної національності або ризику втрати громадянства."
2024,Kyrgyzstan, ,KGZ,,REF,"Based on new arrivals information in the report of international organizations and UNHCR protection monitoring activities, UNHCR estimates there to be 23,400 people of various origins in Kyrgyzstan who may be in need of international protection.","На основі інформації про нових прибулих у звіті міжнародних організацій і діяльності УВКБ ООН з моніторингу захисту, УВКБ ООН оцінює, що в Киргизстані перебувають 23 400 осіб різного походження, які можуть потребувати міжнародного захисту."
2022,Turkmenistan, ,TKM,,STA,"In the absence of official data, the figure reported refers to stateless persons and persons with undetermined nationality identified by UNHCR partner organizations in Turkmenistan. The increase in the reported figure is due to the identification of new people in stateless situations.","За відсутності офіційних даних наведена цифра стосується осіб без громадянства та осіб з невизначеним громадянством, визначених партнерськими організаціями УВКБ ООН у Туркменістані. Збільшення зазначеної цифри пов’язане з виявленням нових осіб без громадянства."
2021,Saudi Arabia, ,SAU,,ASY,"Only those asylum-seekers facing acute or imminent protection risks are registered by UNHCR. In addition, there are some 12,400 other asylum-seekers who were individually assessed, counselled and advised to inform UNHCR of any changes in their situation, which would justify a decision to register them.","УВКБ ООН реєструє лише тих шукачів притулку, яким загрожує гострий або неминучий захист. Крім того, є близько 12 400 інших шукачів притулку, які пройшли індивідуальну оцінку, консультації та поради щодо інформування УВКБ ООН про будь-які зміни в їхній ситуації, які б виправдали рішення про їх реєстрацію."
2019 - 2021,China, ,CHN,,REF,"The 303,100 Vietnamese refugees are well integrated and in practice receive protection from the Government of China.",303 100 в’єтнамських біженців добре інтегровані та фактично отримують захист від уряду Китаю.
2022,Albania, ,ALB,,STA,"From various sources such as civil status offices, health institutions, schools, municipal child protection units, and social services, UNHCR estimates the number of people with undetermined nationality (at risk of statelessness). The start-year figures are based on an identification exercise conducted in 2021 which identified a further 1,120 persons at risk of statelessness, subtracting the number of undocumented persons who had their nationality confirmed by the Albanian authorities in 2021. During 2022, an additional 350 people were assisted to confirm their nationalities through administrative and/or judicial procedures, out of which 238 were fully resolved.","З різних джерел, таких як відділи цивільного стану, заклади охорони здоров’я, школи, муніципальні відділи захисту дітей та соціальні служби, УВКБ ООН оцінює кількість людей з невизначеним громадянством (під загрозою втрати громадянства). Цифри на початку року засновані на ідентифікації, проведеній у 2021 році, яка виявила ще 1120 осіб, які ризикують залишитися без громадянства, за вирахуванням кількості осіб без документів, чиє громадянство було підтверджено органами влади Албанії у 2021 році. Протягом 2022 року додаткові 350 осіб отримали допомогу підтвердити своє громадянство через адміністративні та/або судові процедури, з яких 238 було повністю вирішено."
2025,Thailand, ,THA,,REF,"In Thailand, the number of new refugee arrivals is not available, but the Operation Centre for Displaced Persons, Ministry of Interior of Thailand, estimates that 54,500 refugees fled Myanmar and subsequently returned home from Thailand’s Temporary Safety Areas as of June 2025.","У Таїланді кількість нових біженців, які прибули, невідома, але Оперативний центр для переміщених осіб Міністерства внутрішніх справ Таїланду оцінює, що станом на червень 2025 року 54 500 біженців втекли з М’янми та згодом повернулися додому з тимчасових зон безпеки Таїланду."
2020,Colombia, ,COL,,STA,"With regard to the statelessness figures, in 2020, Colombia granted nationality by birth to 7,700 children with undetermined nationality born in Colombia to Venezuelan parents displaced abroad. As these children were both identified as persons with undetermined nationality and granted Colombian nationality in 2020, there was no impact on the figures reported.","Щодо цифр безгромадянства, у 2020 році Колумбія надала громадянство за народженням 7700 дітям з невизначеним громадянством, які народилися в Колумбії від венесуельських батьків, переміщених за кордон. Оскільки ці діти були визначені як особи з невизначеним громадянством і отримали колумбійське громадянство у 2020 році, це не вплинуло на надані цифри."
2023,Albania, ,ALB,,STA,"The Albanian Government conducted the Population and Housing Census during the period of September–October 2023. The results of the census are expected to be published by the end of June 2024 and the number of persons at risk of statelessness identified will be updated accordingly.

The start-year figures are based on an identification exercise conducted in 2021 which identified a further 1,120 persons at risk of statelessness, subtracting the number of undocumented persons who had their nationality confirmed by the Albanian authorities in 2021. During 2022, an additional 350 people were assisted to confirm their nationalities through administrative and/or judicial procedures, out of which 238 were fully resolved.","Уряд Албанії провів перепис населення та житла у вересні-жовтні 2023 року. Очікується, що результати перепису будуть опубліковані до кінця червня 2024 року, а кількість виявлених осіб, яким загрожує відсутність громадянства, буде відповідно оновлено.

Цифри на початку року засновані на ідентифікації, проведеній у 2021 році, яка виявила ще 1120 осіб, які ризикують залишитися без громадянства, за вирахуванням кількості осіб без документів, чиє громадянство було підтверджено органами влади Албанії у 2021 році. Протягом 2022 року додаткові 350 осіб отримали допомогу підтвердити своє громадянство через адміністративні та/або судові процедури, з яких 238 було повністю вирішено."
2022,Indonesia, ,IDN,,STA,"The total statelessness figure reported relates to 925 stateless persons, primarily of Rohingya ethnicity who are also counted as refugees or asylum-seekers from Myanmar, mainly from Rakhine State. There are indications that a potentially sizable population of non-displaced stateless persons exists for whom no data is available.","Повідомлена загальна кількість осіб без громадянства стосується 925 осіб без громадянства, переважно етнічної приналежності рохінджа, які також вважаються біженцями або шукачами притулку з М’янми, головним чином зі штату Ракхайн. Є ознаки того, що існує потенційно значна кількість непереміщених осіб без громадянства, щодо яких немає даних."
2018,Montenegro, ,MNE,,STA,"In November 2017, UNHCR jointly with the Ministry of Interior (MoI) and the Ministry of Labour and Social Care carried out a field verification of all ex-Yugoslav refugees with unresolved status issues, including those of undetermined nationality. The field exercise covered 2,318 individuals (including 42% children) in 20 municipalities. The exercise identified  145 persons of undetermined nationality. Following the verification exercise, UNHCR and the MoI formed a working group to jointly assess each case and look for solutions in Montenegro or in the countries of origin.","У листопаді 2017 року УВКБ ООН спільно з Міністерством внутрішніх справ (МВС) і Міністерством праці та соціального захисту провели польову перевірку всіх біженців з колишньої Югославії з невирішеними питаннями статусу, включно з біженцями невизначеної національності. Польові навчання охопили 2318 осіб (включаючи 42% дітей) у 20 муніципалітетах. Під час навчань виявлено 145 осіб невстановленої національності. Після перевірки УВКБ ООН та МВС сформували робочу групу для спільної оцінки кожного випадку та пошуку рішень у Чорногорії або в країнах походження."
2025,Panama, ,PAN,,STA,Estimates of the stateless population are based on 2023 census data.,Оцінки кількості осіб без громадянства базуються на даних перепису населення 2023 року.
2018,Slovakia, ,SVK,,STA,Figure from the 2011 census. It includes 63 stateless persons who held permits to stay in Slovakia at the end of 2011. No updated data on the number of stateless persons is available.,"Цифра з перепису 2011 року. Він включає 63 особи без громадянства, які мали дозвіл на перебування в Словаччині на кінець 2011 року. Оновлені дані про кількість осіб без громадянства відсутні."
2024 - 2025,Czechia, ,CZE,,STA,"The statistics of stateless/undetermined nationality have been revised as per the updated data received from the Ministry of Interior (as of end-2024). Based on this, the figure of 954 (other stateless persons according to 2011 census) has been removed. This is to note that the latest 2021 census did not include the category of stateless persons, therefore these are not reported.","Статистику осіб без громадянства/невизначеного громадянства було переглянуто відповідно до оновлених даних, отриманих від Міністерства внутрішніх справ (станом на кінець 2024 року). Виходячи з цього, вилучено цифру 954 (інші особи без громадянства за переписом 2011 року). Слід зазначити, що останній перепис 2021 року не включав категорію осіб без громадянства, тому вони не повідомляються."
2018 - 2019,Nepal, ,NPL,,STA,"Various studies estimate that a large number of individuals lack citizenship certificates in Nepal. While these individuals are not all necessarily stateless, UNHCR has been working closely with the Government of Nepal and partners to address this situation.","Згідно з різними дослідженнями, велика кількість людей не мають сертифікатів громадянства в Непалі. Хоча не всі ці особи є особами без громадянства, УВКБ ООН тісно співпрацює з урядом Непалу та партнерами, щоб вирішити цю ситуацію."
2024,Bulgaria, ,BGR,,REF,"No official data on the actual number of refugees residing in Bulgaria is available. The estimate includes 74,300 Ukrainians who received temporary protection, and 34,400 other refugees.","Офіційних даних про фактичну кількість біженців, які проживають у Болгарії, немає. Оцінка включає 74 300 українців, які отримали тимчасовий захист, та 34 400 інших біженців."
2023,Tajikistan, ,TJK,,STA,"Figure is based on a registration exercise in 2015 in three regions, leading to the registration of 842 people as stateless by the Ministry of Internal Affairs of Tajikistan.The additional 2,985 persons reflects individuals identified by UNHCR partners as at risk of statelessness or with undetermined nationality awaiting a solution from the government, as well as individuals who obtained residency permits for stateless persons reported by UNHCR partners.","Цифра заснована на реєстрації в 2015 році в трьох регіонах, що призвело до реєстрації 842 осіб як осіб без громадянства Міністерством внутрішніх справ Таджикистану. Додаткові 2985 осіб відображають осіб, визначених партнерами УВКБ ООН як груп ризику без громадянства або з невизначеним громадянством, які очікують рішення від уряду, а також осіб, які отримали дозвіл на проживання для осіб без громадянства, про що повідомили партнери УВКБ ООН."
2019,Kyrgyzstan, ,KGZ,,STA,All 58 persons were in the final stages of naturalization or citizenship confirmation formalities.,Усі 58 осіб перебували на останніх етапах натуралізації або підтвердження громадянства.
2023,United Kingdom of Great Britain and Northern Ireland, ,GBR,,STA,"The UK’s stateless figures show the number of stateless individuals recognised through the UK's stateless determination procedure since it began in 2013. In previous years, this figure has been calculated by adding all grants of stateless leave. This resulted in unavoidable double counting for stateless individuals who were applying for further statelessness leave after the expiry of their initial grant of leave. The UK Government has now provided data for initial and subsequent grants. The subsequent grants have therefore been removed from the previous cumulative figure between 2013 - 2018. Since 2019, the cumulative figure now only includes initial grants of leave following individuals’ recognition as stateless. As of 2023, the total number of individuals recognised under UK’s statelessness determination procedure is 362. UNHCR further provides the number of asylum-seekers and refugees whose nationality has been recorded as ‘stateless’ as part of the asylum process. For this group there has been no formal determination that they are stateless.The number of 'stateless' asylum-seekers in the UK awaiting a decision has been revised, following decisions on their asylum claims during the year.","The UK’s stateless figures show the number of stateless individuals recognised through the UK's stateless determination procedure since it began in 2013. In previous years, this figure has been calculated by adding all grants of stateless leave. This resulted in unavoidable double counting for stateless individuals who were applying for further statelessness leave after the expiry of their initial grant of leave. The UK Government has now provided data for initial and subsequent grants. The subsequent grants have therefore been removed from the previous cumulative figure between 2013 - 2018. Since 2019, the cumulative figure now only includes initial grants of leave following individuals’ recognition as stateless. As of 2023, the total number of individuals recognised under UK’s statelessness determination procedure is 362. UNHCR further provides the number of asylum-seekers and refugees whose nationality has been recorded as ‘stateless’ as part of the asylum process. For this group there has been no formal determination that they are stateless.The number of 'stateless' asylum-seekers in the UK awaiting a decision has been revised, following decisions on their asylum claims during the year."
2024 - 2025,Italy, ,ITA,,STA,"The stateless statistics figure is a combination of data published by the National Institute of Statistics (570 as of 1 January 2024), as well as estimates from NGOs on the number of persons who are stateless or at risk of statelessness present in Italy.","Показник статистики без громадянства – це комбінація даних, опублікованих Національним інститутом статистики (570 станом на 1 січня 2024 року), а також оцінок неурядових організацій щодо кількості осіб без громадянства або тих, хто ризикує залишитися без громадянства в Італії."
2022 - 2023,Colombia,Colombia,COL,COL,OOC,The figure of others of concern has been provided by the Government of Colombia.,"Дані щодо інших, що викликають занепокоєння, надав уряд Колумбії."
2018,Singapore, ,SGP,,STA,"Stateless persons include persons who came from other countries to live and work in Singapore and lost their foreign citizenship over time, and children born in Singapore but not eligible for Singapore Citizenship at birth and whose parents confer nationality to them.","До осіб без громадянства належать особи, які приїхали з інших країн, щоб жити та працювати в Сінгапурі та з часом втратили своє іноземне громадянство, а також діти, які народилися в Сінгапурі, але не мають права на отримання громадянства Сінгапуру за народженням і чиї батьки надають їм громадянство."
2024 - 2025,Syrian Arab Rep., ,SYR,,STA,"According to some reports many stateless persons have been naturalized since 2011, but no official figures are yet confirmed. The reported figures will be reviewed as more information becomes available.","Згідно з деякими даними, багато осіб без громадянства були натуралізовані з 2011 року, але офіційні дані ще не підтверджені. Повідомлені цифри будуть переглянуті, коли стане доступною додаткова інформація."
"2021, 2023 - 2025",Cote d'Ivoire, ,CIV,,STA,The statelessness figure is based on a 2019 mapping study jointly conducted by the Government and UNHCR.,"Цифра безгромадянства базується на картографічному дослідженні 2019 року, проведеному спільно урядом та УВКБ ООН."
2022,Russian Federation, ,RUS,,STA,"By the end of 2021, UNHCR reported 54,025 stateless persons in the Russian Federation. This estimation was based on the number of self-proclaimed stateless persons identified during the 2010 census (178,000), from whom the number of persons who obtained Russian citizenship throughout the reporting periods was subtracted on a yearly basis since 2011. According to the results of the 2020 All-Russia Census finalized at end 2022, some 95,193 persons declared themselves stateless and this figure was taken as a baseline for statistics on statelessness for 2022, causing an increase of 41,139 in estimated statelessness population figures for Russia compared to end-2021 (but still a decrease compared to latest Census).","Станом на кінець 2021 року УВКБ ООН повідомило про 54 025 осіб без громадянства в РФ. Ця оцінка ґрунтувалася на кількості самопроголошених осіб без громадянства, виявлених під час перепису 2010 року (178 000), з яких щорічно, починаючи з 2011 року, віднімається кількість осіб, які отримали російське громадянство за звітні періоди. За результатами Всеросійського перепису населення 2020 року, завершеного наприкінці 2022 року, близько 95 193 особи задекларували самі є особами без громадянства, і ця цифра була взята як базова для статистичних даних щодо осіб без громадянства за 2022 рік, що призвело до збільшення на 41 139 розрахункових цифр безгромадянства в Росії порівняно з кінцем 2021 року (але все ще зменшення порівняно з останнім переписом)."
2020,Italy, ,ITA,,REF,"In 2020, the refugee estimates were updated using the data provided by ISTAT for 2019, augmented with the decisions on asylum applications provided by the Ministry of Interior in 2020. The ISTAT statistics provide the total number of people with valid refugee residence permits, disaggregated for the 50 most common countries of origins. This resulted in a reduction in the start-year refugee population of 91,200 refugees.","У 2020 році оцінки щодо біженців були оновлені з використанням даних, наданих ISTAT за 2019 рік, доповнених рішеннями щодо заяв про надання притулку, наданими Міністерством внутрішніх справ у 2020 році. Статистика ISTAT надає загальну кількість людей, які мають дійсні дозволи на проживання біженців, з поділом на 50 найпоширеніших країн походження. Це призвело до скорочення кількості біженців на початку року на 91 200 біженців."
2024 - 2025,Iceland, ,ISL,,REF,"With regards to refugee statistics, since 2024 the number of refugees in Iceland are based on data reported by authorities of persons with valid residence permits issued on the basis of international protection, subsidiary protection, resettlement or family reasons and adding beneficiaries of temporary protection. It does not include refugees who have been granted permanent residence permits. The figures replace previous refugee stock estimations conducted by UNHCR.","Що стосується статистики біженців, з 2024 року кількість біженців в Ісландії базується на даних, наданих органами влади щодо осіб, які мають дійсний дозвіл на проживання, виданий на підставі міжнародного захисту, додаткового захисту, переселення або сімейних причин, а також додавання бенефіціарів тимчасового захисту. Сюди не входять біженці, які отримали дозвіл на постійне проживання. Цифри замінюють попередні оцінки кількості біженців, проведені УВКБ ООН."
2023,Cambodia, ,KHM,,STA,The figure is based on an estimate provided in 2020 of ethnic Vietnamese persons whose legal identity documents were withdrawn and whose nationality is undetermined.,"Ця цифра базується на оцінці, наданій у 2020 році щодо етнічних в’єтнамців, у яких вилучено офіційні документи, що посвідчують особу, і громадянство яких не визначено."
2025,Russian Federation, ,RUS,,REF,"The figure for the Russian Federation includes 6,121 Ukrainians who were granted refugee or temporary asylum status by March-2025. Moreover, as of mid-2023 an estimated 1.2 million Ukrainians were recorded in the Russian Federation under different legal forms of stay (other than refugee or temporary asylum status) and reported by UNHCR as persons in a refugee-like situation. However, this figure has not been updated since June 2023, and therefore can no longer be included in UNHCR’s official statistics.","У цифру по Російській Федерації входять 6121 українець, які отримали статус біженця або тимчасового притулку станом на березень 2025 року. Більше того, станом на середину 2023 року приблизно 1,2 мільйона українців були зареєстровані в Російській Федерації за різними правовими формами перебування (крім статусу біженця чи тимчасового притулку) та повідомлені УВКБ ООН як особи, що перебувають у ситуації, схожій на біженця. Однак ця цифра не оновлювалася з червня 2023 року, тому її більше не можна включати в офіційну статистику УВКБ ООН."
2020 - 2022,Iraq, ,IRQ,,STA,"Pending a more accurate study into statelessness in Iraq, the estimated reduction of stateless persons in Iraq has been adjusted to reflect the reduction of statelessness in line with Law 26 of 2006, which allows stateless persons to apply for nationality in certain circumstances.","Очікуючи більш точного дослідження безгромадянства в Іраку, оцінене скорочення осіб без громадянства в Іраку було скориговано, щоб відобразити скорочення безгромадянства відповідно до Закону 26 від 2006 року, який дозволяє особам без громадянства подавати заяву на отримання громадянства за певних обставин."
2018,Zimbabwe, ,ZWE,,STA,A study is being pursued to provide a revised estimate of statelessness figure.,"Проводиться дослідження, щоб отримати переглянуту оцінку кількості осіб без громадянства."
2019,Ukraine, ,UKR,,STA,"The numbers reported in Ukraine are an extrapolation of the 2001 census figure of persons who self-declared as not having a nationality. It includes 5,642 persons who are registered as stateless by the Ministry of the Interior of Ukraine.","Цифри, надані в Україні, є екстраполяцією перепису 2001 року осіб, які заявили, що не мають громадянства. До нього входять 5642 особи, які перебувають на обліку МВС України як особи без громадянства."
2018,Cote d'Ivoire, ,CIV,,STA,The statelessness figure is based on a Government estimate of individuals who themselves or whose parents or grandparents migrated to Côte d’Ivoire before or just after independence and who did not establish their nationality at independence or before the nationality law changed in 1972. The estimate is derived in part from cases denied voter registration in 2010 because electoral authorities could not determine their nationality at the time. The estimation is adjusted to reflect the number of persons who acquired nationality through the special ‘acquisition of nationality by declaration’ procedure until end of 2016. The estimate does not include individuals of unknown parentage who were abandoned as children and who are not considered as nationals under Ivorian law.,"Показник безгромадянства базується на урядовій оцінці осіб, які самі або чиї батьки чи бабусі та дідусі мігрували до Кот-д’Івуару до чи відразу після здобуття незалежності та які не встановили своє громадянство під час здобуття незалежності чи до зміни закону про громадянство в 1972 році. Оцінка частково отримана на основі випадків відмови в реєстрації виборців у 2010 році, оскільки виборчі органи не могли визначити їх громадянство на той час. Оцінка скоригована для відображення кількості осіб, які отримали громадянство за допомогою спеціальної процедури «набуття громадянства за декларацією» до кінця 2016 року. Оцінка не включає осіб невідомого походження, яких покинули в дитинстві та які не вважаються громадянами відповідно до законодавства Кот-д’Івуару."
2021 - 2022,Nauru, ,NRU,,STA,"The figures reported reflects stateless persons of Rohingya ethnicity who are also counted as refugees from Myanmar, mainly from Rakhine State. The figure reflected does not represent an estimation of the entire stateless population.","Повідомлені цифри відображають осіб без громадянства етнічної приналежності рохінджа, які також вважаються біженцями з М’янми, переважно зі штату Ракхайн. Відображена цифра не є оцінкою всього населення без громадянства."
2024 - 2025,Liberia, ,LBR,,STA,"Some information about stateless persons in the country is available, however it is not yet sufficiently reliable to produce estimates of the size of the population.","Певна інформація про осіб без громадянства в країні доступна, однак вона ще недостатньо надійна для оцінки чисельності населення."
2018,Slovenia, ,SVN,,STA,The figure is based on an NGO analysis of government data and may not represent the full magnitude of statelessness in Slovenia.,"Ця цифра базується на аналізі урядових даних, проведеному НУО, і може не відображати повного масштабу безгромадянства в Словенії."
2024,Portugal, ,PRT,,REF,"Official statistics on the size of the refugee population are not available. UNHCR refugee population estimates is based on the cumulative number of recognized asylum-seekers over the past 10 years, plus the reported number of beneficiaries of Temporary Protection in the country by end-2024.","Офіційної статистики щодо кількості біженців немає. Оцінки УВКБ ООН щодо кількості біженців базуються на загальній кількості визнаних шукачів притулку за останні 10 років, а також на повідомленій кількості бенефіціарів тимчасового захисту в країні до кінця 2024 року."
2021,Iran (Islamic Rep. of), ,IRN,,STA,"The figures reported reflects stateless persons of Rohingya ethnicity who are also counted as refugees from Myanmar, mainly from Rakhine State.  The figure reflected does not represent an estimation of the entire stateless population.","Повідомлені цифри відображають осіб без громадянства етнічної приналежності рохінджа, які також вважаються біженцями з М’янми, переважно зі штату Ракхайн.  Відображена цифра не є оцінкою всього населення без громадянства."
2024,Azerbaijan, ,AZE,,STA,"In 2023, UNHCR conducted an extensive identification exercise of stateless persons in Azerbaijan using both government and UNHCR registers. The exercise was able to account for 513 stateless person, which was used as the start year figure. During 2024, 306 individuals at risk of statelessness were able to acquire citizenship. Additional persons of undetermined nationality were identified during the year, resulting in a total of 271 stateless persons in the country at end-year based on information from the State Migration Service, the Ministry of Internal Affairs and UNHCR.","У 2023 році УВКБ ООН провело широку ідентифікацію осіб без громадянства в Азербайджані, використовуючи державні реєстри та реєстри УВКБ ООН. Під час дослідження вдалося врахувати 513 осіб без громадянства, які були використані як показник початкового року. Протягом 2024 року громадянство змогли отримати 306 осіб, які перебувають у групі ризику без громадянства. Протягом року було виявлено додаткові особи невизначеного громадянства, в результаті чого станом на кінець року в країні було 271 особа без громадянства, згідно з інформацією Державної міграційної служби, Міністерства внутрішніх справ та УВКБ ООН."
2019 - 2025,Saudi Arabia, ,SAU,,STA,UNHCR is verifying the number of stateless persons with the Government of Saudi Arabia.,УВКБ ООН перевіряє кількість осіб без громадянства з урядом Саудівської Аравії.
2020,Yemen, ,YEM,,REF,"The reduction of about 109,400 is due to improved estimates of Somali refugees in Yemen. Starting in September 2020, UNHCR has been working with the authorities and other actors to improve estimates of refugee and asylum-seeker statistics in Yemen.","Скорочення приблизно на 109 400 пояснюється покращеними оцінками кількості сомалійських біженців у Ємені. Починаючи з вересня 2020 року, УВКБ ООН працює з владою та іншими учасниками, щоб покращити оцінки статистики щодо біженців і шукачів притулку в Ємені."
2019 - 2021,Australia, ,AUS,,REF,The methodology for estimating the number of refugees in Australia is under review and subject to adjustment in future reports. The asylum-seeker figure is based on the number of applications lodged for protection visas.,"Методологія оцінки кількості біженців в Австралії переглядається та може бути скоригована в наступних звітах. Кількість шукачів притулку базується на кількості заявок, поданих на захисні візи."
2024,Spain, ,ESP,,REF,"The number of refugees was re-calculated based on the refugee data, as provided by the government. The overall figures for Spain include refugee status (8%), subsidiary protection (9%), temporary protection (51%) and humanitarian reasons (32%).","Кількість біженців була перерахована на основі даних про біженців, наданих урядом. Загальні цифри для Іспанії включають статус біженця (8%), додатковий захист (9%), тимчасовий захист (51%) і гуманітарні причини (32%)."
2024,Montenegro, ,MNE,,REF,Estimates of the number of Ukrainians in a refugee-like situation in Montenegro were revised.,Були переглянуті оцінки кількості українців у ситуації біженців у Чорногорії.
2024,India, ,IND,,STA,"The total statelessness figure reported relates to 23,262 stateless persons of Rohingya ethnicity who are also counted as refugees or asylum-seekers from Myanmar, mainly from Rakhine State. The reported figure does not represent an estimate of the entire stateless population.","Повідомлена загальна кількість безгромадянства стосується 23 262 осіб без громадянства етнічної приналежності рохінджа, які також вважаються біженцями або шукачами притулку з М’янми, переважно зі штату Ракхайн. Повідомлена цифра не є оцінкою всього населення без громадянства."
2021,United Kingdom of Great Britain and Northern Ireland, ,GBR,,STA,"The UK’s stateless figures show the number of stateless individuals recognised through the UK's stateless determination procedure since it began in 2013. In previous years, this figure has been calculated by adding all grants of stateless leave. This resulted in unavoidable double counting for stateless individuals who were applying for further statelessness leave after the expiry of their initial grant of leave. The UK Government has now provided data for initial and subsequent grants. The subsequent grants have therefore been removed from the previous cumulative figure between 2013 - 2018. Since 2019, the cumulative figure now only includes initial grants of leave following individuals’ recognition as stateless. At the end of 2021, the total number of individuals recognised under UK’s statelessness determination procedure is 258. UNHCR further provides the number of asylum-seekers and refugees whose nationality has been recorded as ‘stateless’ as part of the asylum process. For this group there has been no formal determination that they are stateless.","Показники безгромадянства у Великій Британії показують кількість осіб без громадянства, визнаних за допомогою процедури визначення осіб без громадянства у Великій Британії з моменту її початку в 2013 році. У попередні роки цю цифру обчислювали шляхом додавання всіх дозволів на відпустку без громадянства. Це призвело до неминучого подвійного підрахунку для осіб без громадянства, які подали заяву на подальшу відпустку без громадянства після закінчення терміну їх початкової відпустки. Уряд Великобританії надав дані для початкових і наступних грантів. Таким чином, наступні субсидії були вилучені з попередньої сукупної цифри за 2013–2018 роки. З 2019 року сукупна цифра тепер включає лише початкові гранти на відпустку після визнання осіб особами без громадянства. На кінець 2021 року загальна кількість осіб, визнаних відповідно до процедури визначення безгромадянства у Великій Британії, становила 258. Крім того, УВКБ ООН надає інформацію про кількість шукачів притулку та біженців, громадянство яких було зареєстровано як «апатриди» в рамках процесу отримання притулку. Для цієї групи не було офіційного визначення того, що вони є особами без громадянства."
2020,India, ,IND,,STA,"The total statelessness figure reported relates to 18,174 stateless persons of Rohingya ethnicity who are also counted as refugees or asylum-seekers from Myanmar, mainly from Rakhine State. UNHCR’s statistical reporting generally follows a methodology that reports only one legal status for each person of concern. However, due to the size of the stateless Rohingya population displaced from Myanmar, UNHCR considers it important to reflect the dual status of this population group as both displaced and stateless. This approach was used for India for the first time in 2019. The reported figure does not represent an estimate of the entire stateless population.","Повідомлена загальна кількість безгромадянства стосується 18 174 осіб без громадянства етнічної приналежності рохінджа, які також вважаються біженцями або шукачами притулку з М’янми, головним чином зі штату Ракхайн. Статистична звітність УВКБ ООН, як правило, дотримується методології, яка повідомляє лише про один правовий статус для кожної відповідної особи. Однак через чисельність рохінджа без громадянства, переміщеного з М’янми, УВКБ ООН вважає важливим відобразити подвійний статус цієї групи населення як переміщених осіб, так і осіб без громадянства. Цей підхід вперше було використано для Індії в 2019 році. Повідомлена цифра не є оцінкою всього населення без громадянства."
2020,Iran (Islamic Rep. of), ,IRN,,REF,"In October 2020, UNHCR Iran received the data on total number of refugees from the Government of the Islamic Republic of Iran, on which consultations are ongoing. According to it, 800,000 refugee card holders reside in the Islamic Republic of Iran, 780,000 of whom are Afghans and 20,000 Iraqis. The last time the Iranian Government had shared information on Afghan refugee population was in May 2015, when according to it 951,410 Afghan refugees resided in Iran; the Iraqi refugee population data was shared in 2013, and according to it 28,268 Iraqi refugees resided in Iran. UNHCR is in consultations with the authorities to understand the reasons behind the decrease reported in 2020 data (170,081 for Afghan refugees and 8,268 for Iraqi refugees).","У жовтні 2020 року УВКБ ООН в Ірані отримало дані про загальну кількість біженців від уряду Ісламської Республіки Іран, щодо яких тривають консультації. Згідно з ним, в Ісламській Республіці Іран проживає 800 тисяч власників карток біженців, 780 тисяч з яких є афганцями та 20 тисяч іракцями. Востаннє уряд Ірану ділився інформацією про кількість афганських біженців у травні 2015 року, коли, за його даними, в Ірані проживало 951 410 афганських біженців; дані про кількість іракських біженців були оприлюднені в 2013 році, і згідно з ними 28 268 іракських біженців проживали в Ірані. УВКБ ООН консультується з владою, щоб зрозуміти причини зменшення, про яке повідомляють дані за 2020 рік (170 081 для афганських біженців і 8 268 для іракських біженців)."
2021,Nepal, ,NPL,,STA,"Various studies estimate that a significant number of individuals originally from Nepal lack citizenship certificates. While these individuals originally from Nepal are not all necessarily stateless, UNHCR has been working closely with the Government of Nepal and partners to address this situation. 465 stateless persons of Rohingya ethnicity who are also counted as refugees or asylum-seekers from Myanmar, mainly from Rakhine State, are reported in Nepal.","Згідно з різними дослідженнями, значна кількість вихідців з Непалу не мають сертифікатів про громадянство. Хоча ці особи, родом з Непалу, не обов’язково є особами без громадянства, УВКБ ООН тісно співпрацює з урядом Непалу та партнерами, щоб вирішити цю ситуацію. У Непалі повідомляється про 465 осіб без громадянства етнічної приналежності до рохінджа, які також вважаються біженцями або шукачами притулку з М’янми, переважно зі штату Ракхайн."
2024,Libya, ,LBY,,"REF,ASY,IDP,STA,OOC,HST,OIP","The increase in the number of refugees and asylum-seekers in Libya is due to the arrival in 2024 of a total of  228,800 Sudanese. Almost 30,800 of them were registered as asylum-seekers by UNHCR and the remaining 198,000 are estimated based on the issuance of health cards in areas outside of Tripoli and reported as people in a refugee-like situation.","Збільшення кількості біженців і шукачів притулку в Лівії пов'язане з прибуттям у 2024 році загалом 228 800 суданців. Майже 30 800 з них були зареєстровані УВКБ ООН як шукачі притулку, а решта 198 000 оцінюються на основі видачі медичних карток у районах за межами Тріполі та зареєстровані як люди в ситуації, схожій на біженців."
2018,Kenya, ,KEN,,STA,"The figure of 18,500 is an estimate by UNHCR with input from stateless communities.",Цифра 18 500 є оцінкою УВКБ ООН за участю громад без громадянства.
2023 - 2024, ,Ukraine,,UKR,OOC,"The others of concern figure corresponds to the number of conflict-affected, non-displaced people assisted by UNHCR during the year.","Інша цифра, що викликає занепокоєння, відповідає кількості постраждалих від конфлікту непереміщених осіб, яким УВКБ ООН допомогло протягом року."
2025,Denmark, ,DNK,,STA,"With regards to stateless statistics, the figures include: (a) the number of stateless asylum seekers at end-year reported by the Danish authorities; (b) the number of stateless refugees at year-end with valid residence permit as of 1 January 2025 and increases (e.g. recognitions) or decreases (e.g. refugee status cessation) through the year as reported by Danish authorities; and (c) the number of non-displaced stateless persons (those with other non-protection related types of permits) based on data from Statistics Denmark corresponding to the resident population recorded as ""Stateless"" as of 1 July 2025, deducting the estimated number of stateless refugees at year-end","Що стосується статистики осіб без громадянства, цифри включають: (a) кількість шукачів притулку без громадянства на кінець року, про яку повідомляють органи влади Данії; (b) кількість біженців без громадянства станом на кінець року з дійсним дозволом на проживання станом на 1 січня 2025 року та збільшується (наприклад, визнання) або зменшується (наприклад, припинення статусу біженця) протягом року, як повідомляють органи влади Данії; та (c) кількість непереміщених осіб без громадянства (тих, хто має інші типи дозволів, не пов’язаних із захистом), на основі даних Статистичного управління Данії відповідно до постійного населення, зареєстрованого як «апатриди» станом на 1 липня 2025 року, за вирахуванням оціненої кількості біженців без громадянства на кінець року."
2024,Tajikistan, ,TJK,,REF,"Based on the information reported in the media as well as UNHCR protection monitoring activities, UNHCR estimates there to be 2,300 people of various origins in Tajikistan who may be in need of international protection.","На підставі інформації, оприлюдненої в ЗМІ, а також діяльності УВКБ ООН з моніторингу захисту, УВКБ ООН оцінює, що в Таджикистані перебувають 2300 осіб різного походження, які можуть потребувати міжнародного захисту."
2018 - 2022,Portugal, ,PRT,,STA,Updated figure from the Portuguese Immigration Service referring to 2013.,Оновлена ​​інформація від Імміграційної служби Португалії за 2013 рік.
2025,Tajikistan, ,TJK,,REF,"Based on the information reported in the media as well as UNHCR protection monitoring activities, UNHCR estimates there to be 1,900 people of various origins in Tajikistan who may be in need of international protection","На основі інформації, оприлюдненої в ЗМІ, а також діяльності УВКБ ООН з моніторингу захисту, УВКБ ООН вважає, що в Таджикистані перебуває 1900 людей різного походження, які можуть потребувати міжнародного захисту"
2021,Thailand, ,THA,,STA,"The total statelessness figure includes 561,329 non-displaced stateless persons reported by the Royal Thai Government and registered with the national civil registration system as of December 2021. The figure includes 198 stateless persons of Rohingya ethnicity from Myanmar who are also counted as others of concern to UNHCR.","Загальна кількість осіб без громадянства включає 561 329 непереміщених осіб без громадянства, повідомлених Королівським урядом Таїланду та зареєстрованих у національній системі реєстрації актів цивільного стану станом на грудень 2021 року. Ця цифра включає 198 осіб без громадянства рохінджа з М’янми, які також вважаються іншими особами, якими займається УВКБ ООН."
2020,Uzbekistan, ,UZB,,STA,The statelessness figure refers to stateless persons with permanent residence reported by the Government of Uzbekistan in November 2020 under the XII Report on compliance of Uzbekistan with CERD. Information on other categories of statelessness is unavailable.,"Показник безгромадянства стосується осіб без громадянства з постійним місцем проживання, повідомлених Урядом Узбекистану в листопаді 2020 року в XII Доповіді про дотримання Узбекистаном положень КЛРД. Інформація щодо інших категорій осіб без громадянства відсутня."
2018,Latvia, ,LVA,,STA,"With respect to persons under UNHCR’s statelessness mandate, this figure includes persons of concern covered by two separate Latvian laws. 174 persons fall under the Republic of Latvia’s Law on Stateless Persons on 17 February 2004. 224,670 of the persons fall under Latvia’s 25 April 1995 Law on the Status of those Former USSR Citizens who are not Citizens of Latvia or Any Other State (“Non-citizens”). In the specific context of Latvia, the “Non-citizens” enjoy the right to reside in Latvia ex lege and a set of rights and obligations generally beyond the rights prescribed by the 1954 Convention relating to the Status of Stateless Persons, including protection from removal, and as such the “Non-citizens” may currently be considered persons to whom the Convention does not apply in accordance with Article 1.2(ii).","Стосовно осіб, які підпадають під мандат УВКБ ООН щодо осіб без громадянства, ця цифра включає осіб, які підпадають під дію двох окремих законів Латвії. 174 особи підпадають під дію Закону Латвійської Республіки про осіб без громадянства від 17 лютого 2004 року. 224 670 осіб підпадають під дію Закону Латвії від 25 квітня 1995 року про статус громадян колишнього СРСР, які не є громадянами Латвії чи будь-якої іншої держави («негромадяни»). У конкретному контексті Латвії «негромадяни» користуються правом проживати в Латвії ex lege та низкою прав і обов’язків, які загалом окрім прав, передбачених Конвенцією про статус осіб без громадянства 1954 року, включаючи захист від видворення, і як такі «негромадяни» наразі можуть вважатися особами, до яких Конвенція не застосовується відповідно до статті 1.2(ii)."
2022,Rwanda, ,RWA,,ASY,"Statistics on asylum applications and decisions processed by the government of Rwanda are reported by UNHCR based on information shared by Government of Rwanda. The comprehensive data is however only available with the government of Rwanda. 
Please also note, that small figures have been redacted for data protection reasons. Among asylum applications decided upon by the government of Rwanda, the total number of recognised asylum-seekers in 2022 was 41, while 103 applications were rejected and 27 cased were otherwise closed. 
Statistics on applications and decisions processed by UNHCR, reflect case processing for the purpose of durable solutions as part of the Emergency Transit Mechanism (ETM).","Статистичні дані щодо заяв про надання притулку та рішень, оброблених урядом Руанди, повідомляє УВКБ ООН на основі інформації, наданої урядом Руанди. Проте вичерпні дані доступні лише в уряді Руанди. 
Зверніть також увагу, що невеликі цифри були відредаговані з міркувань захисту даних. Серед заяв про надання притулку, які були розглянуті урядом Руанди, загальна кількість визнаних шукачів притулку у 2022 році становила 41, у той час як 103 заявки було відхилено, а 27 справ закрито іншим чином. 
Статистичні дані про заявки та рішення, оброблені УВКБ ООН, відображають обробку справ з метою довгострокових рішень у рамках Механізму екстреного транзиту (ETM)."
2022,Russian Federation, ,RUS,,REF,"The figure for the Russian Federation includes 65,400 Ukrainians who were granted refugee or temporary asylum status, as well as those recorded in the country in 2022 under other forms of stay.","Цифра по Російській Федерації включає 65,4 тис. українців, яким надано статус біженця чи тимчасового притулку, а також зафіксованих в країні в 2022 році за іншими формами перебування."
2023,Turkmenistan, ,TKM,,STA,"In January 2024, the Government of Turkmenistan released for the first time ever official statistical information on stateless persons. Previously, in the absence of official data, the figure reported refers to stateless persons and persons with undetermined nationality identified by UNHCR partner organizations in Turkmenistan. Given the discrepancies between partner organizations figures and official figures as of 31 Dec 2023, UNHCR plans to continue crosschecking of partners’ database with the Turkmen authorities in 2024 in order to ensure accurate reporting for 2024. The decrease in the reported figure corresponds to those people who were naturalized or who had another nationality confirmed.","У січні 2024 року уряд Туркменістану вперше в історії опублікував офіційну статистичну інформацію про осіб без громадянства. Раніше, за відсутності офіційних даних, ця цифра стосується осіб без громадянства та осіб з невизначеним громадянством, визначених партнерськими організаціями УВКБ ООН у Туркменістані. Враховуючи розбіжності між даними партнерських організацій та офіційними даними станом на 31 грудня 2023 року, УВКБ ООН планує продовжити перехресну перевірку бази даних партнерів з туркменською владою в 2024 році, щоб забезпечити точну звітність за 2024 рік. Зменшення повідомленої цифри відповідає тим людям, які були натуралізовані або які мали підтверджене інше громадянство."
2022, , ,,,IDP,"When presenting statistics on internal displacement, UNHCR applies two different sources: the Internal Displacement Monitoring Centre’s IDP statistics are incorporated in the total forcibly displaced while those IDPs protected/assisted by UNHCR are included in the total population that UNHCR protects and/or assists.  The two sources of IDP data vary significantly in certain countries.","Представляючи статистичні дані про внутрішнє переміщення, УВКБ ООН використовує два різні джерела: статистичні дані Центру моніторингу внутрішнього переміщення щодо внутрішньо переміщених осіб включені до загальної кількості вимушено переміщених осіб, а ті ВПО, які захищаються/користуються допомогою УВКБ ООН, включаються до загальної кількості населення, яке УВКБ ООН захищає та/або якому надає допомогу.  Два джерела даних про ВПО суттєво відрізняються в окремих країнах."
2024 - 2025,Croatia, ,HRV,,STA,"Figures include persons at risk of statelessness (undetermined nationality) on the basis of the 2022 census, stateless persons registered with the Croatian Ministry of the Interior and information on stateless refugees and asylum-seekers reported by the Ministry of Interior.","Цифри включають осіб, яким загрожує особа без громадянства (невизначене громадянство) на основі перепису 2022 року, осіб без громадянства, зареєстрованих у Міністерстві внутрішніх справ Хорватії, а також інформацію про біженців без громадянства та шукачів притулку, надану Міністерством внутрішніх справ."
2022,United States of America, ,USA,,REF,"An improved methodology to estimate the number of refugees hosted in the United States of America, using official statistics from US Citizenship and Immigration Services, led to a decrease of the refugee stock within the country.","Удосконалена методологія оцінки кількості біженців, розміщених у Сполучених Штатах Америки, з використанням офіційної статистики Служби громадянства та імміграції США, призвела до зменшення кількості біженців у країні."
2021,India, ,IND,,STA,"The total statelessness figure reported relates to 20,154 stateless persons of Rohingya ethnicity who are also counted as refugees or asylum-seekers from Myanmar, mainly from Rakhine State. The reported figure does not represent an estimate of the entire stateless population.","Повідомлена загальна кількість безгромадянства стосується 20 154 осіб без громадянства етнічної приналежності рохінджа, які також вважаються біженцями або шукачами притулку з М’янми, переважно зі штату Ракхайн. Повідомлена цифра не є оцінкою всього населення без громадянства."
2018 - 2022,United Kingdom of Great Britain and Northern Ireland, ,GBR,,ASY,"Asylum applications which are reported as cases can be multiplied overall by average number of person per case of 1.3 when summarising the data by country of asylum, but not origin.  This is due to the significant variance in the average case size by country of origin.","Прохання про надання притулку, які зареєстровані як випадки, можуть бути помножені на середню кількість осіб на випадок 1,3 при узагальненні даних за країною притулку, але не за походженням.  Це пов’язано зі значними відмінностями в середньому розмірі справ залежно від країни походження."
2020,Bulgaria, ,BGR,,REF,"No official data on the actual number of refugees residing in Bulgaria is available. According to estimates, between 1,000 and 2,000 refugees and humanitarian status holders remain in the country. It is expected that the 2021 National Census, which will include the first-time refugee and stateless populations, will provide more accurate data.","Офіційних даних про фактичну кількість біженців, які проживають у Болгарії, немає. За оцінками, в країні залишаються від 1000 до 2000 біженців і осіб з гуманітарним статусом. Очікується, що Національний перепис населення 2021 року, який включатиме осіб, які вперше стали біженцями та осіб без громадянства, надасть більш точні дані."
2023,Nepal, ,NPL,,STA,"Various studies estimate that a significant number of individuals originally from Nepal lack citizenship certificates. While these individuals originally from Nepal are not all necessarily stateless, UNHCR has been working closely with the Government of Nepal and partners to address this situation. 489 stateless persons of Rohingya ethnicity who are also counted as refugees or asylum-seekers from Myanmar, mainly from Rakhine State, are reported in Nepal.","Згідно з різними дослідженнями, значна кількість вихідців з Непалу не мають сертифікатів про громадянство. Хоча ці особи, родом з Непалу, не обов’язково є особами без громадянства, УВКБ ООН тісно співпрацює з урядом Непалу та партнерами, щоб вирішити цю ситуацію. У Непалі повідомляється про 489 осіб без громадянства рохінджа, які також вважаються біженцями або шукачами притулку з М’янми, переважно зі штату Ракхайн."
2018,Belgium, ,BEL,,REF,Refugee figure related to the end of 2016.,Цифра біженців на кінець 2016 року.
2021,Belgium, ,BEL,,STA,"Belgium includes a 'stateless' category in its National Registry, which records people who have been recognised as stateless and issued long-term residence permits in Belgium. There are also stateless people who are not counted in the National Registry data, for example, people awaiting determination of their statelessness, people recognised as stateless but not granted a residence permit, stateless people holding a short-term residence permit, and stateless people in the asylum procedure.","Бельгія включає категорію «апатридів» у свій Національний реєстр, в якому записуються особи, які були визнані особами без громадянства та отримали дозвіл на довгострокове проживання в Бельгії. Існують також особи без громадянства, які не враховуються в даних Національного реєстру, наприклад, особи, які очікують на визначення їх без громадянства, особи, визнані особами без громадянства, але не отримали посвідку на проживання, особи без громадянства, які мають дозвіл на короткострокове проживання, та особи без громадянства, які перебувають у процедурі надання притулку."
2023,India, ,IND,,STA,"The total statelessness figure reported relates to 22,646 stateless persons of Rohingya ethnicity who are also counted as refugees or asylum-seekers from Myanmar, mainly from Rakhine State. The reported figure does not represent an estimate of the entire stateless population.","Повідомлена загальна кількість осіб без громадянства стосується 22 646 осіб без громадянства етнічної приналежності рохінджа, які також вважаються біженцями або шукачами притулку з М’янми, переважно зі штату Ракхайн. Повідомлена цифра не є оцінкою всього населення без громадянства."
2024 - 2025,Uganda, ,UGA,,STA,"The figure is based on the 2024 National Housing & Population Census report which shows that there are 10,284 persons who identified themselves as members of indigenous communities, namely Bagabu, Bakingwe, Benet and Maragoli, that are not listed as nationals of Uganda in the Third Schedule to the Constitution. However, this may not represent the entirety of the stateless population in the country.","Ця цифра базується на звіті Національного житла та перепису населення 2024 року, який показує, що є 10 284 особи, які назвали себе членами корінних громад, а саме Багабу, Бакінгве, Бенет і Мараголі, які не перераховані як громадяни Уганди в Третьому додатку до Конституції. Однак це може не відображати всю кількість осіб без громадянства в країні."
2020,Ukraine, ,UKR,,STA,"The numbers reported in Ukraine are an extrapolation of the 2001 census figure of persons who self-declared as not having a nationality. It includes 5,815 persons who are registered as stateless by the Ministry of the Interior of Ukraine.","Цифри, надані в Україні, є екстраполяцією перепису 2001 року осіб, які заявили, що не мають громадянства. До нього входять 5815 осіб, які перебувають на обліку МВС України як особи без громадянства."
2025,Libya, ,LBY,,REF,"The increase in the number of refugees and asylum-seekers in Libya is due to the arrival in the first half of 2025 of a total of 130,500 Sudanese. Almost 15,500 of them were registered as asylum-seekers by UNHCR in 2025. A further 313,000 Sudanese are reported as people in a refugee-like situation based on estimates derived from the the issuance of health cards in areas outside of Tripoli.","Збільшення кількості біженців і шукачів притулку в Лівії пов'язане з прибуттям у першій половині 2025 року загалом 130 500 суданців. Майже 15 500 з них були зареєстровані УВКБ ООН як шукачі притулку в 2025 році. Ще 313 000 суданців вважаються людьми, що перебувають у подібній ситуації біженців на основі оцінок, отриманих у результаті видачі медичних карток у районах за межами Тріполі."
2024,France, ,FRA,,STA,The decrease in the stateless population in France between 2023 and 2024 is due to de-duplication of figures reported in previous years.,"Зменшення чисельності населення без громадянства у Франції між 2023 і 2024 роками пов’язане з усуненням дублювання даних, повідомлених за попередні роки."
2020,Italy, ,ITA,,STA,"This figure is a combination of data published by the National Institute of Statistics (550 as of 1 January 2020), as well as estimates from NGOs on the number of persons who are stateless or at risk of statelessness present in Italy. The estimate number of stateless persons in Italy used to be between 3,000 to 15,000, and was reviewed in 2021 following the publication of the report of the Association 21 luglio “Fantasmi Urbani” (https://www.21luglio.org/2018/wp-content/uploads/2021/02/fantasmi-urbani-edit.pdf).","Ця цифра є поєднанням даних, опублікованих Національним інститутом статистики (550 станом на 1 січня 2020 року), а також оцінок неурядових організацій щодо кількості осіб без громадянства або тих, хто ризикує залишитися без громадянства в Італії. Приблизне число осіб без громадянства в Італії коливалося від 3000 до 15 000 і було переглянуто в 2021 році після публікації звіту Асоціації 21 luglio «Fantasmi Urbani» (https://www.21luglio.org/2018/wp-content/uploads/2021/02/fantasmi-urbani-edit.pdf)."
2018 - 2025, ,United States of America,,USA,"REF,ASY",A limited number of countries record refugee and asylum statistics by country of birth rather than country of origin. This affects the number of refugees reported as originating from the United States of America.,"Обмежена кількість країн веде статистику щодо біженців і притулку за країною народження, а не за країною походження. Це впливає на кількість біженців, які походять зі Сполучених Штатів Америки."
2020,Thailand, ,THA,,STA,"The total statelessness figure includes 480,549 non-displaced stateless persons reported by the Royal Thai Government and registered with the national civil registration system as of December 2020. The figure includes 119 stateless persons of Rohingya ethnicity from Myanmar who are also counted as others of concern to UNHCR. UNHCR’s statistical reporting generally follows a methodology that reports only one status for each person of concern. However, due to the size of the stateless Rohingya population displaced from Myanmar, UNHCR considers it important to reflect the dual status of this population group as others of concern to UNHCR and stateless. This approach has been used for Thailand for the first time in 2019.","Загальна кількість осіб без громадянства включає 480 549 непереміщених осіб без громадянства, повідомлених королівським урядом Таїланду та зареєстрованих у національній системі реєстрації актів цивільного стану станом на грудень 2020 року. Ця цифра включає 119 осіб без громадянства етнічної приналежності до рохінджа з М’янми, які також вважаються іншими особами, якими займається УВКБ ООН. Статистична звітність УВКБ ООН, як правило, дотримується методології, згідно з якою повідомляється лише про один статус для кожної особи. Однак через чисельність рохінджа без громадянства, переміщеного з М’янми, УВКБ ООН вважає важливим відобразити подвійний статус цієї групи населення, а також інших, якими займається УВКБ ООН, і осіб без громадянства. У 2019 році цей підхід вперше застосували для Таїланду."
2018,Belgium, ,BEL,,REF,The refugee figure relates to the end of 2016.,Цифра біженців відноситься до кінця 2016 року.
2024,Turkmenistan, ,TKM,,STA,"In October 2024, the Government of Turkmenistan announced the resolution of all known cases of statelessness in the country, following the naturalization of a final group of 1,146 stateless people in September 2024. In February 2025, the Government reported that, as of 31 December 2024, there were no remaining stateless people in Turkmenistan. Since 2017, UNHCR has relied on figures reported by its partner organizations, as official statistical data was not made available by the authorities. In 2023, UNHCR partners launched a verification exercise to cross-check their database on stateless persons and those with undetermined nationality. This process continued in 2024 and confirmed the Government’s report. As part of the exercise, individuals were contacted to verify their current legal status. The findings showed that many had been naturalized in recent years, some had confirmed foreign nationality, and others had passed away. This verification exercise, combined with the official information provided by the Government, confirms that there are now zero officially registered stateless people in Turkmenistan. The decrease in the reported figure corresponds to those people who were naturalized or who had another nationality confirmed.","У жовтні 2024 року уряд Туркменістану оголосив про вирішення всіх відомих випадків безгромадянства в країні після натуралізації останньої групи з 1146 осіб без громадянства у вересні 2024 року. У лютому 2025 року уряд повідомив, що станом на 31 грудня 2024 року в Туркменістані не залишилося осіб без громадянства. З 2017 року УВКБ ООН покладається на цифри, надані його партнерськими організаціями, оскільки офіційні статистичні дані не були доступні владою. У 2023 році партнери УВКБ ООН запустили перевірку для перехресної перевірки своєї бази даних щодо осіб без громадянства та осіб з невизначеним громадянством. Цей процес продовжився у 2024 році та підтвердив звіт Уряду. У рамках навчань з особами зв’язалися для перевірки їх правового статусу. Висновки показали, що багато з них були натуралізовані за останні роки, деякі підтвердили іноземне громадянство, а інші померли. Ця перевірка в поєднанні з офіційною інформацією, наданою урядом, підтверджує, що зараз у Туркменістані немає офіційно зареєстрованих осіб без громадянства. Зменшення зазначеної цифри стосується тих людей, які були натуралізовані або мають підтверджене інше громадянство."
2023,Spain, ,ESP,,STA,"The figures for stateless individuals in Spain represent the 8,525 individuals recognized through the Spanish stateless determination procedure under the 1954 Convention relating to the Status of Stateless Persons, as well as 39 stateless refugees and 15 stateless asylum-seekers. Source: Permanent Observatory on Immigration, Spanish Ministry of Inclusion, Social Security and Migration.","Цифри щодо осіб без громадянства в Іспанії представляють собою 8525 осіб, визнаних іспанською процедурою визначення осіб без громадянства відповідно до Конвенції 1954 року про статус осіб без громадянства, а також 39 біженців без громадянства та 15 осіб без громадянства, які шукають притулку. Джерело: Постійна обсерваторія з імміграції, Міністерство інтеграції, соціального забезпечення та міграції Іспанії."
2025,Egypt, ,EGY,,"ASY,REF",The Government of Egypt reported 1.5 million Sudanese people having arrived in the country since the onset of the crisis. See also the Sudan Situation on the Operational Data Portal.,"Уряд Єгипту повідомив про 1,5 мільйона суданців, які прибули в країну з початку кризи. Дивіться також ситуацію в Судані на порталі оперативних даних."
2025,Kyrgyzstan, ,KGZ,,STA,58 persons were naturalized or granted citizenship in the first half of 2025. Since December 2021 the data on number of staleless persons is provided by the Government.,За перше півріччя 2025 року натуралізовано чи надано громадянство 58 особам. З грудня 2021 року дані про кількість нестарих осіб надає Уряд.
2023,Greece, ,GRC,,STA,In situ figure based on the 2021 census. Figures for stateless refugees and stateless asylum-seekers have been de-duplicated from census data.,Дані на місці на основі перепису 2021 року. Дані щодо біженців без громадянства та шукачів притулку без громадянства було вилучено з даних перепису населення.
2024 - 2025,Cabo Verde, ,CPV,,STA,The figure is from the 2010 census.,Цифра взята з перепису 2010 року.
2019,Albania, ,ALB,,STA,The statelessness figure refers to a census from 2011 and has been adjusted to reflect the number of persons with undetermined nationality who had their nationality confirmed in 2011-2019.,"Цифра безгромадянства відноситься до перепису 2011 року та була скоригована, щоб відобразити кількість осіб з невизначеним громадянством, які підтвердили своє громадянство у 2011-2019 роках."
2024,Latvia, ,LVA,,STA,"With respect to persons under UNHCR’s statelessness mandate, this figure includes persons of concern covered by two separate Latvian laws. 157 persons fall under the Republic of Latvia’s Law on Stateless Persons on 17 February 2004. 173,729 of the persons fall under Latvia’s 25 April 1995 Law on the Status of those Former USSR Citizens who are not Citizens of Latvia or Any Other State (“Non-citizens”). In the specific context of Latvia, the “Non-citizens” enjoy the right to reside in Latvia ex lege and a set of rights and obligations generally beyond the rights prescribed by the 1954 Convention relating to the Status of Stateless Persons, including protection from removal, and as such the “Non-citizens” may currently be considered persons to whom the Convention does not apply in accordance with Article 1.2(ii).","Стосовно осіб, які підпадають під мандат УВКБ ООН щодо осіб без громадянства, ця цифра включає осіб, які підпадають під дію двох окремих законів Латвії. 157 осіб підпадають під дію Закону Латвійської Республіки про осіб без громадянства від 17 лютого 2004 року. 173 729 осіб підпадають під дію Закону Латвії від 25 квітня 1995 року про статус громадян колишнього СРСР, які не є громадянами Латвії чи будь-якої іншої держави («негромадяни»). У конкретному контексті Латвії «негромадяни» користуються правом проживати в Латвії ex lege та низкою прав і обов’язків, які загалом окрім прав, передбачених Конвенцією про статус осіб без громадянства 1954 року, включаючи захист від видворення, і як такі «негромадяни» наразі можуть вважатися особами, до яких Конвенція не застосовується відповідно до статті 1.2(ii)."
2021,Luxembourg, ,LUX,,"REF,ASY,IDP,STA,OOC,HST,OIP","Data is as of end-2020, apart from the data on asylum-seekers, which was sourced from Eurostat.","Дані наведено станом на кінець 2020 року, окрім даних про шукачів притулку, отриманих від Євростату."
2024,Malta, ,MLT,,REF,"The decreased statistical data on refugees and subsidiary protection holders in Malta is primarily attributed to a revised/updated official data shared with UNHCR by the International Protection Agency under the Ministry of Home Affairs,  Security and Employment. The official governmental data (as of June 30, 2024) reflects the active international protection holders residing in Malta.","Зменшення статистичних даних щодо біженців та осіб, які мають додатковий захист на Мальті, в першу чергу пояснюється переглянутими/оновленими офіційними даними, наданими УВКБ ООН Агентством міжнародного захисту при Міністерстві внутрішніх справ, безпеки та зайнятості. Офіційні урядові дані (станом на 30 червня 2024 року) відображають активних носіїв міжнародного захисту, які проживають на Мальті."
2023,Uzbekistan, ,UZB,,STA,The statelessness figure refers to stateless persons with permanent residence in Uzbekistan officially reported by the Government of Uzbekistan to UNHCR as of 31 December 2023. Information on other categories of statelessness is unavailable.,"Показник безгромадянства стосується осіб без громадянства, які постійно проживають в Узбекистані, офіційно повідомлених урядом Узбекистану УВКБ ООН станом на 31 грудня 2023 року. Інформація про інші категорії безгромадянства недоступна."
2024,Russian Federation, ,RUS,,REF,"The figure for the Russian Federation includes 6,894 Ukrainians who were granted refugee or temporary asylum status by end-2024. Moreover, as of mid-2023 an estimated 1.2 million Ukrainians were recorded in the Russian Federation under different legal forms of stay (other than refugee or temporary asylum status) and reported by UNHCR as persons in a refugee-like situation. However, this figure has not been updated since June 2023, and therefore can no longer be included in UNHCR’s official statistics for end of 2024.","Цифра по Російській Федерації включає 6894 українці, які отримали статус біженця або тимчасового притулку до кінця 2024 року. Більше того, станом на середину 2023 року приблизно 1,2 мільйона українців були зареєстровані в Російській Федерації за різними правовими формами перебування (крім статусу біженця чи тимчасового притулку) та повідомлені УВКБ ООН як особи, що перебувають у ситуації, схожій на біженця. Однак ця цифра не оновлювалася з червня 2023 року, і тому більше не може бути включена до офіційної статистики УВКБ ООН на кінець 2024 року."
2025,Ireland, ,IRL,,STA,"Ireland does not have a Statelessness Determination Procedure. Due to the lack of reliable data on potential cases of statelessness, the extent of statelessness in Ireland cannot be identified accurately. Therefore, the only data about stateless persons included is data pertaining to stateless refugees and stateless asylum seekers at mid-year as reported by Irish authorities.","В Ірландії немає процедури визначення особи без громадянства. Через відсутність достовірних даних про потенційні випадки безгромадянства неможливо точно визначити масштаби безгромадянства в Ірландії. Таким чином, єдині дані про осіб без громадянства, які включені, це дані, що стосуються біженців без громадянства та шукачів притулку без громадянства на середину року, як повідомила влада Ірландії."
2023,Italy, ,ITA,,STA,"This figure is a combination of data published by the National Institute of Statistics (675 as of 1 January 2023), as well as estimates from NGOs on the number of persons who are stateless or at risk of statelessness present in Italy.","Ця цифра є поєднанням даних, опублікованих Національним інститутом статистики (675 станом на 1 січня 2023 року), а також оцінок неурядових організацій щодо кількості осіб без громадянства або осіб, яким загрожує безгромадянства в Італії."
2018,Türkiye,Syrian Arab Rep.,TUR,SYR,REF,Refugee figure for Syrians in Turkey is a Government estimate.,Кількість сирійських біженців у Туреччині є оцінкою уряду.
2023,Montenegro, ,MNE,,STA,"In November 2017, jointly with the Ministry of the Interior of Montenegro (MoI) and the Ministry of Labor and Social Welfare, UNHCR carried out a field verification of all ex-Yugoslav refugees with unresolved legal status and persons at risk of statelessness, known to UNHCR at that time. The field exercise covered 2,318 individuals (including 42% children) in 20 out of 23 municipalities of Montenegro. Based on the verification results, in 2018 UNHCR reported at least 605 persons at risk of statelessness (145 at risk of statelessness and 460 in a statelessness like situation). During 2023 their number decreased for 125 persons. However, new 37 persons at risk of statelessness were identified in the field, leading to the total number of 406 persons at risk of statelessness at the end of 2023. In 2018 Montenegro introduced formal statelessness determination procedure in its legal system. By the end of 2023, 10 persons were officially recognized as stateless by the MoI through this procedure.","У листопаді 2017 року спільно з Міністерством внутрішніх справ Чорногорії (МВС) та Міністерством праці та соціального забезпечення УВКБ ООН провело польову перевірку всіх біженців з колишньої Югославії з невирішеним правовим статусом та осіб, яким загрожує особа без громадянства, відомих УВКБ ООН на той час. Польове навчання охопило 2318 осіб (включаючи 42% дітей) у 20 із 23 муніципалітетів Чорногорії. За результатами верифікації, у 2018 році УВКБ ООН повідомило про щонайменше 605 осіб, які перебувають у групі ризику безгромадянства (145 у групі ризику без громадянства та 460 у ситуації, подібній до безгромадянства). Протягом 2023 року їх кількість зменшилась на 125 осіб. Однак на місцях було виявлено 37 нових осіб, яким загрожує безгромадянства, що призвело до загальної кількості 406 осіб, яким загрожує безгромадянства, на кінець 2023 року. У 2018 році Чорногорія запровадила офіційну процедуру визначення безгромадянства у своїй правовій системі. Станом на кінець 2023 року за цією процедурою МВС офіційно визнало осіб без громадянства 10 осіб."
2018 - 2023,Algeria, ,DZA,,REF,"According to the Government of Algeria, there are an estimated 165,000 Sahrawi refugees in the Tindouf camps. Statistical data relating to refugees are entirely for humanitarian purposes. The total number of persons in need of humanitarian assistance services is estimated to be far higher than this figure.","За даними уряду Алжиру, приблизно 165 000 сахарських біженців знаходяться в таборах Тіндуфа. Статистичні дані, що стосуються біженців, призначені виключно для гуманітарних цілей. За оцінками, загальна кількість осіб, які потребують послуг гуманітарної допомоги, значно перевищує цю цифру."
2019 - 2021,Zimbabwe, ,ZWE,,STA,A study is being pursued to provide a revised estimate of the statelessness figure.,"Проводиться дослідження, щоб отримати переглянуту оцінку кількості безгромадянства."
2021,Philippines, ,PHL,,STA,"The updated figure is based on improved information concerning persons of Indonesian descent who have acquired nationality. The total statelessness figure reported also includes 5 stateless person of Rohingya ethnicity who is also counted as refugee or asylum-seeker from Myanmar, mainly from Rakhine State.","Оновлена ​​цифра базується на покращенні інформації щодо осіб індонезійського походження, які отримали громадянство. Повідомлена загальна кількість осіб без громадянства також включає 5 осіб без громадянства етнічної приналежності рохінджа, які також вважаються біженцями або шукачами притулку з М’янми, переважно зі штату Ракхайн."
2024,Norway, ,NOR,,STA,"With regards to stateless statistics, the figures include: (a) the number of stateless asylum seekers at end-year as reported by the Norwegian authorities; (b) the number of stateless refugees at year-end with valid residence permit as of 1 January 2024 and increases (e.g. recognitions) or decreases (e.g. refugee status cessation and naturalisations) through the year as reported by Norwegian authorities; and (c) the number of non-displaced stateless persons (those with other non-protection related types of permits) based on data from Statistics Norway corresponding to the resident population recorded as ""Stateless"" as of 1 January 2025, deducting the estimated number of stateless refugees at year-end.","Що стосується статистики осіб без громадянства, цифри включають: (a) кількість шукачів притулку без громадянства на кінець року, як повідомляє норвезька влада; (b) кількість біженців без громадянства станом на кінець року з дійсним дозволом на проживання станом на 1 січня 2024 року та збільшується (наприклад, визнання) або зменшується (наприклад, припинення статусу біженця та натуралізація) протягом року, як повідомляє норвезька влада; та (c) кількість непереміщених осіб без громадянства (тих, хто має інші типи дозволів, не пов’язаних із захистом), на основі даних Статистичного управління Норвегії відповідно до постійного населення, зареєстрованого як «апатриди» станом на 1 січня 2025 року, за вирахуванням оціненої кількості біженців без громадянства на кінець року."
2025,Malta, ,MLT,,REF,"The official governmental data reflects the active international protection holders residing in Malta, based on official data shared with UNHCR by the International Protection Agency under the Ministry of Home Affairs, Security and Employment.","Офіційні державні дані відображають активних носіїв міжнародного захисту, які проживають на Мальті, на основі офіційних даних, наданих УВКБ ООН Агентством міжнародного захисту при Міністерстві внутрішніх справ, безпеки та зайнятості."
2023 - 2025,Curacao , ,CUW,,"REF,ASY,IDP,STA,OOC,HST,OIP",All data is as of end-2022.,Усі дані станом на кінець 2022 року.
2020,Dominican Rep., ,DOM,,"REF,ASY,IDP,STA,OOC,HST,OIP","UNHCR is currently working with the authorities and other actors to determine the size of the population that found an effective nationality solution under Law 169-14. Since the adoption of Law 169-14 in May 2014, important steps have been taken by the Dominican Republic to confirm Dominican nationality through the validation of birth certificates of individuals born in the country to two migrant parents before 2007. According to information shared by the Dominican delegation during the 2019 High-Level Segment on Statelessness, approximately 48 per cent of the total Group A population of 61,049 persons had been authorized by the National Electoral Board (JCE) to request their nationality documentation. Additionally, as of December 2019, over 1,700 Group B persons (900 of which were children) had submitted applications for naturalization to the Ministry of Interior and of the Police (MIP). However, no naturalization decisions concerning this population had been issued by end 2020.","Наразі УВКБ ООН працює з владою та іншими суб’єктами, щоб визначити чисельність населення, яке знайшло ефективне рішення щодо громадянства відповідно до Закону 169-14. З моменту ухвалення Закону 169-14 у травні 2014 року Домініканська Республіка зробила важливі кроки для підтвердження домініканського громадянства шляхом перевірки свідоцтв про народження осіб, які народилися в країні від двох батьків-мігрантів до 2007 року. Згідно з інформацією, наданою делегацією Домінікани під час Сегменту високого рівня з питань безгромадянства у 2019 році, приблизно 48 відсотків загального населення групи А, яке складає 61 049 осіб осіб, які були уповноважені Національною виборчою комісією (JCE) запитувати документи про своє громадянство. Крім того, станом на грудень 2019 року понад 1700 осіб групи B (900 з яких були дітьми) подали заяви про натуралізацію до Міністерства внутрішніх справ і поліції (MIP). Однак до кінця 2020 року жодних рішень щодо натуралізації щодо цієї групи не було видано."
2025, ,Ukraine,,UKR,OOC,"The others of concern figure corresponds to the number of conflict-affected, non-displaced people assisted by UNHCR during the year","Інша цифра, що викликає занепокоєння, відповідає кількості постраждалих від конфлікту непереміщених осіб, яким УВКБ ООН допомогло протягом року"
2023,Australia, ,AUS,,STA,"Stateless figures in Australia are sourced from the Government. They consist of figures on stateless persons held in detention and those that have been issued or are in an application process for an “Onshore Humanitarian Visa” and have self-reported to be stateless. Australia does not have a separate statelessness status determination procedure and only provides statistics on humanitarian visas. Due to this, the figure reported here does not capture all stateless persons in Australia and is not an estimate of statelessness in Australia. Figures for stateless persons in detention come from the Australian Government Department of Home Affairs and Australian Border Force report on Immigration Detention and Community Statistics Summary 31 December 2023.","Особи без громадянства в Австралії надаються урядом. Вони складаються з даних про осіб без громадянства, які утримуються під вартою, і тих, хто отримав або перебуває в процесі подачі заявки на отримання «берегової гуманітарної візи» і які самі повідомили, що є особами без громадянства. В Австралії немає окремої процедури визначення статусу особи без громадянства, і надається лише статистика щодо гуманітарних віз. Через це наведена тут цифра не охоплює всіх осіб без громадянства в Австралії та не є оцінкою безгромадянства в Австралії. Дані щодо осіб без громадянства, які перебувають під вартою, взято зі звіту Департаменту внутрішніх справ уряду Австралії та Австралійських прикордонних служб про імміграційне затримання та підсумкову статистику громади від 31 грудня 2023 року."
2024 - 2025,Austria, ,AUT,,STA,"With regards to stateless statistics, the number of stateless displaced persons have not been available for several years, hence current estimates may not reflect the real numbers currently in the country.","Щодо статистики осіб без громадянства, кількість переміщених осіб без громадянства не була доступна протягом кількох років, тому поточні оцінки можуть не відображати реальні цифри, які зараз є в країні."
2024,Denmark, ,DNK,,REF,"With regards to refugee statistics, since 2024 the number of refugees is Denmark are based on data reported by authorities of persons with valid residence permits for asylum as of 1 January 2024 and increases (e.g. recognitions) or decreases (e.g. refugee status cessation) through the year are as reported by authorities. Figures for temporary protection holders in Denmark are based on data by Eurostat. The figures replace previous refugee stock estimations conducted by UNHCR.","Щодо статистики щодо біженців, то з 2024 року кількість біженців у Данії базується на даних, наданих органами влади щодо осіб, які мають дійсний дозвіл на проживання для отримання притулку станом на 1 січня 2024 року, а збільшення (наприклад, визнання) або зменшення (наприклад, припинення статусу біженця) протягом року відповідно до звітів органів влади. Цифри для власників тимчасового захисту в Данії базуються на даних Євростату. Цифри замінюють попередні оцінки кількості біженців, проведені УВКБ ООН."
2018,Malaysia, ,MYS,,STA,"Updated figure is based on a registration and community legal assistance programme undertaken in West Malaysia by a local NGO with technical support from UNHCR, which began in 2014. During 2018, 781 persons of those registered acquired Malaysian nationality.","Оновлена ​​цифра базується на програмі реєстрації та надання правової допомоги громаді, яка розпочалася в Західній Малайзії місцевою неурядовою організацією за технічної підтримки УВКБ ООН і яка розпочалася в 2014 році. Протягом 2018 року 781 особа з тих, хто зареєстрований, отримала малайзійське громадянство."
2024 - 2025,Poland, ,POL,,STA,"There is no official data on statelessness in Poland. The reported figure refers to the number of stateless people holding a personal identification number issued by the Government, which does not cover all stateless people in the country. The figure additionally includes stateless asylum-seekers and refugees (including beneficiaries of temporary protection) in Poland.","Офіційних даних щодо осіб без громадянства в Польщі немає. Повідомлена цифра стосується кількості осіб без громадянства, які мають персональний ідентифікаційний номер, виданий урядом, який не охоплює всіх осіб без громадянства в країні. Цифра додатково включає шукачів притулку без громадянства та біженців (включно з бенефіціарами тимчасового захисту) у Польщі."
2018,South Africa, ,ZAF,,ASY,All figures refer to the mid of 2018.,Усі цифри стосуються середини 2018 року.
2018,Jordan,Iraq,JOR,IRQ,REF,"Includes 34,600 Iraqi refugees registered with UNHCR in Jordan. The Government estimated the number of Iraqis at 400,000 individuals at the end of March 2015. This includes refugees and other categories of Iraqis.","Включає 34 600 іракських біженців, зареєстрованих УВКБ ООН в Йорданії. Станом на кінець березня 2015 року уряд оцінив кількість іракців у 400 000 осіб. Це включає біженців та інші категорії іракців."
2024 - 2025,North Macedonia, ,MKD,,STA,The great majority are former Yugoslav citizens who have yet to have their nationality of North Macedonia formally recognized through the issuance of documents proving their nationality.,"Переважна більшість – громадяни колишньої Югославії, які ще не отримали офіційного визнання свого громадянства Північної Македонії шляхом видачі документів, що підтверджують їхнє громадянство."
2023,Azerbaijan, ,AZE,,STA,"Start-year figures come from the 2009 census, reporting 3585 stateless persons. In 2023, UNHCR conducted an extensive identification exercise of stateless persons in Azerbaijan using both government and UNHCR registers. The exercise was able to account for 513 stateless person. The government of Azerbaijan confirmed that between 2008 and 2023, 2306 stateless persons aquired citizenship of Azerbaijan.","Цифри на початок року взято з перепису 2009 року, згідно з яким було 3585 осіб без громадянства. У 2023 році УВКБ ООН провело широку ідентифікацію осіб без громадянства в Азербайджані, використовуючи державні реєстри та реєстри УВКБ ООН. В ході навчань вдалося облікувати 513 осіб без громадянства. Уряд Азербайджану підтвердив, що з 2008 по 2023 роки 2306 осіб без громадянства отримали громадянство Азербайджану."
2021,Chile, ,CHL,,OIP,The number of other people in need of international protection is estimated from the RMRP.,"Кількість інших людей, які потребують міжнародного захисту, оцінюється з RMRP."
2018 - 2023,North Macedonia, ,MKD,,STA,The great majority are former Yugoslav citizens who have yet to have their nationality of North Macedonia formally recognized through the issuance of documents proving nationality.,"Переважна більшість – громадяни колишньої Югославії, які ще не отримали офіційного визнання громадянства Північної Македонії шляхом видачі документів, що підтверджують громадянство."
2024,Russian Federation, ,RUS,,STA,"According to the results of the 2020 All-Russia Census finalized at end-2022, some 91,173 persons declared themselves stateless. The number of persons who have acquired Russian citizenship in each subsequent year has been subtracted from this total, including 2,035 persons who obtained Russian citizenship in 2024.","За результатами Всеросійського перепису населення 2020 року, завершеного наприкінці 2022 року, близько 91 173 особи визнали себе особами без громадянства. З цієї суми вираховується кількість осіб, які отримали громадянство РФ у кожному наступному році, у тому числі 2035 осіб отримали громадянство РФ у 2024 році."
2024,Netherlands (Kingdom of the), ,NLD,,REF,"Since 2023, the number of refugees is based on the data on refugee and temporary protection status holders at year-end as provided by authorities. The figures replace previous refugee stock estimations conducted by UNHCR.","З 2023 року кількість біженців базується на даних щодо осіб, які мають статус біженця та тимчасового захисту на кінець року, наданих органами влади. Цифри замінюють попередні оцінки кількості біженців, проведені УВКБ ООН."
2024,Thailand, ,THA,,STA,"The total statelessness figure includes 589,800 stateless persons reported by the Royal Thai Government and registered with the national civil registration system by the end of 2024, as well as other stateless individuals known to UNHCR, including permanent residents of Thailand who have not yet been granted nationality. The figure includes 513 stateless persons of Rohingya ethnicity from Myanmar who are also counted as refugees.","Загальна кількість осіб без громадянства включає 589 800 осіб без громадянства, про яких повідомив Королівський уряд Таїланду та зареєстровані в національній системі реєстрації актів цивільного стану до кінця 2024 року, а також інших осіб без громадянства, відомих УВКБ ООН, включаючи постійних жителів Таїланду, які ще не отримали громадянство. Ця цифра включає 513 осіб без громадянства рохінджа з М'янми, які також вважаються біженцями."
2025,Norway, ,NOR,,STA,"With regards to stateless statistics, the figures include: (a) the number of stateless asylum seekers at mid-year as reported by the Norwegian authorities; (b) the number of stateless refugees at mid-end with valid residence permit as of 1 January 2025 and increases (e.g. recognitions) or decreases (e.g. refugee status cessation and naturalisations) through the year as reported by Norwegian authorities; and (c) the number of non-displaced stateless persons (those with other non-protection related types of permits) based on data from Statistics Norway corresponding to the resident population recorded as ""Stateless"" as of 1 January 2025, deducting the estimated number of stateless refugees at mid-year.","Що стосується статистики осіб без громадянства, цифри включають: (a) кількість шукачів притулку без громадянства станом на середину року, як повідомляє норвезька влада; (b) кількість біженців без громадянства в середині кінця з дійсним дозволом на проживання станом на 1 січня 2025 року та збільшується (наприклад, визнання) або зменшується (наприклад, припинення статусу біженця та натуралізація) протягом року, як повідомляє норвезька влада; та (c) кількість непереміщених осіб без громадянства (тих, хто має інші типи дозволів, не пов’язаних із захистом), на основі даних Статистичного управління Норвегії відповідно до постійного населення, зареєстрованого як «апатриди» станом на 1 січня 2025 року, за вирахуванням оціненої кількості біженців без громадянства на середину року."
2022,Nauru, ,NRU,,STA,"The figures reported reflects stateless persons of Rohingya ethnicity who are also counted as refugees and asylum-seekers from Myanmar, mainly from Rakhine State. The figure reflected does not represent an estimation of the entire stateless population.","Повідомлені цифри відображають осіб без громадянства етнічної приналежності до рохінджа, які також вважаються біженцями та шукачами притулку з М’янми, переважно зі штату Ракхайн. Відображена цифра не є оцінкою всього населення без громадянства."
2024, ,Ukraine,,UKR,"REF,ASY,IDP,STA,OOC,HST,OIP","Temporary protection granted to Ukrainians does not necessarily mean new displacement since it could include reapplications or reactivations from the refugees who were already granted refugee status following temporary visits to Ukraine as well as duplicated registrations across countries. Furthermore, Ukrainians that have been granted temporary protection may also have lodged individual asylum applications. See Ukraine Refugee Situation: Population movements, Factsheet #2, UNHCR (https://data.unhcr.org/en/documents/details/114591).","Тимчасовий захист, наданий українцям, не обов’язково означає нове переміщення, оскільки він може включати повторне звернення або повторну активацію від біженців, яким уже надано статус біженця після тимчасових візитів в Україну, а також повторну реєстрацію в різних країнах. Крім того, українці, яким надано тимчасовий захист, також можуть подавати індивідуальні заяви про надання притулку. Див. Ситуація з біженцями в Україні: переміщення населення, інформаційний лист №2, УВКБ ООН (https://data.unhcr.org/en/documents/details/114591)."
2024,Turkmenistan, ,TKM,,REF,"Based on reports from international organizations, UNHCR estimates that there are approximately 3,400 Afghan nationals residing in Turkmenistan who are likely to be in need of international protection.","На основі звітів міжнародних організацій УВКБ ООН вважає, що в Туркменістані проживає приблизно 3400 громадян Афганістану, які, ймовірно, потребуватимуть міжнародного захисту."
2019 - 2020, ,Iraq,,IRQ,REF,"The refugee population in Jordan includes 34,300 Iraqis registered with UNHCR. The Government of Jordan estimated the number of Iraqis at 400,000 individuals at the end of March 2015. This includes refugees and other categories of Iraqis.","Біженці в Йорданії включають 34 300 іракців, зареєстрованих УВКБ ООН. На кінець березня 2015 року уряд Йорданії оцінив чисельність іракців у 400 000 осіб. Це включає біженців та інші категорії іракців."
2024,Curacao , ,CUW,,"REF,ASY,IDP,STA,OOC,HST,OIP",All data is as of May 2024.,Усі дані станом на травень 2024 року.
2024,Tajikistan, ,TJK,,STA,"The figures are based on a registration exercise in 2015 in three regions, leading to the registration of 842 people as stateless by the Ministry of Internal Affairs of Tajikistan and has increased during 2024 to 1,582, as additional people were identified. The remaining 2,884 persons reflects individuals identified by UNHCR partners as at risk of statelessness or with undetermined nationality awaiting a solution from the government, as well as individuals who obtained residency permits for stateless persons reported by UNHCR partners. During 2024, 2,414 people were able to acquire nationality.","Цифри ґрунтуються на реєстрації в 2015 році в трьох регіонах, що призвело до реєстрації 842 осіб без громадянства Міністерством внутрішніх справ Таджикистану та зросло протягом 2024 року до 1582, оскільки було ідентифіковано додаткових людей. Решта 2884 особи – це особи, визначені партнерами УВКБ ООН як такі, що мають ризик втрати громадянства або невизначеного громадянства, які очікують рішення від уряду, а також особи, які отримали дозвіл на проживання для осіб без громадянства, про що повідомили партнери УВКБ ООН. Протягом 2024 року громадянство змогли отримати 2414 осіб."
2024,Sweden, ,SWE,,STA,"With regards to stateless statistics, since 2024 the number of stateless persons at year-end in Sweden are based on data reported by the Swedish Migration Agency including stateless refugees (3,752), stateless asylum-seekers (236) and stateless persons with other non-protection related types of permits (3,027).","Що стосується статистики без громадянства, то з 2024 року кількість осіб без громадянства в Швеції на кінець року базується на даних, наданих Шведським міграційним агентством, включаючи біженців без громадянства (3752), шукачів притулку без громадянства (236) та осіб без громадянства з іншими видами дозволів, не пов’язаних із захистом (3027)."
2025,Bangladesh, ,BGD,,REF,"The increase in the refugee population from Myanmar reflects the registration of refugees who had arrived during the last 18 months and, to a smaller extent, children born to already registered refugees.","Збільшення кількості біженців з М'янми відображає реєстрацію біженців, які прибули протягом останніх 18 місяців, і, меншою мірою, дітей, народжених від уже зареєстрованих біженців."
2025,Finland, ,FIN,,REF,"With regards to refugee statistics, official statistics on the size of the refugee population are not available. UNHCR refugee population estimates are based on the cumulative number of recognized asylum-seekers over the past 10 years, plus the reported number of beneficiaries of Temporary Protection in the country by mid-2025.","Що стосується статистики біженців, офіційна статистика щодо чисельності біженців недоступна. Оцінки УВКБ ООН щодо кількості біженців базуються на загальній кількості визнаних шукачів притулку за останні 10 років, а також на повідомленій кількості бенефіціарів тимчасового захисту в країні до середини 2025 року."
2025,Finland, ,FIN,,STA,"With regards to stateless statistics, the figures include: (a) the number of stateless asylum seekers at end-year reported by the Finnish authorities; (b) the number of stateless refugees at year-end based on UNHCR's estimation of refugees in Finland (recognized asylum-seekers over that past 10-years); and (c) the number of non-displaced stateless persons (those with other non-protection related types of permits) based on data from Statistics Finland corresponding to the resident population recorded as ""Stateless"" as of 01 January 2024, deducting the estimated number of stateless refugees.","Що стосується статистики осіб без громадянства, цифри включають: (a) кількість шукачів притулку без громадянства на кінець року, про яку повідомляє фінська влада; (b) кількість біженців без громадянства на кінець року на основі оцінки УВКБ ООН щодо біженців у Фінляндії (визнаних шукачів притулку за останні 10 років); та (c) кількість непереміщених осіб без громадянства (тих, хто має інші типи дозволів, не пов’язаних із захистом), на основі даних Статистичного управління Фінляндії відповідно до постійного населення, зареєстрованого як «апатриди» станом на 1 січня 2024 року, за вирахуванням оціненої кількості біженців без громадянства."
2024,Myanmar, ,MMR,,STA,"The estimated figure of persons of concern under the statelessness mandate relates to stateless persons of Rohingya ethnicity in Rakhine State, including stateless Rohingya IDPs in Myanmar. The number of persons of undetermined nationality residing in other states or regions in Myanmar is not currently available. The number of stateless people remaining in Rakhine State following violence in 2016 and 2017 and large scale departures to Bangladesh is based on detailed estimates for each village tract made by UNHCR, other UN agencies and NGOs in early 2018, which concluded that between 532,000 to 600,000 Rohingya remained in Rakhine State, increasing to 619,400 due to additional displacement (including an estimated 253,500 of those Rohingya who have been internally displaced).","Орієнтовна кількість осіб, яких стосується особа без громадянства, стосується осіб без громадянства етнічної приналежності рохінджа в штаті Ракхайн, включаючи ВПО без громадянства рохінджа в М’янмі. Кількість осіб невизначеного громадянства, які проживають в інших штатах або регіонах М’янми, наразі недоступна. Кількість людей без громадянства, які залишилися в штаті Ракхайн після насильства в 2016 і 2017 роках і великомасштабних виїздів до Бангладеш, базується на детальних оцінках для кожного сільського масиву, зроблених УВКБ ООН, іншими агентствами ООН і неурядовими організаціями на початку 2018 року, які дійшли висновку, що від 532 000 до 600 000 рохінджа залишилися в штаті Ракхайн, збільшившись до 619 400 через до додаткового переміщення (включаючи приблизно 253 500 рохінджа, які були внутрішньо переміщеними особами)."
2019 - 2022,Azerbaijan, ,AZE,,STA,Figure from the 2009 census.,Цифра з перепису 2009 року.
2024,Malaysia, ,MYS,,STA,"The total stateless population in Malaysia includes 9,200 non-displaced stateless people who may be entitled to Malaysian nationality under the law. This number of non-displaced stateless people is based on a registration and community legal assistance programme undertaken in West Malaysia by a local NGO with technical support from UNHCR. The total statelessness figure reported also includes 111,700 stateless persons of Rohingya ethnicity who are also counted as refugees or asylum-seekers from Myanmar, mainly from Rakhine State.","Загальна кількість осіб без громадянства в Малайзії включає 9200 непереміщених осіб без громадянства, які можуть мати право на громадянство Малайзії згідно із законом. Ця кількість непереміщених осіб без громадянства базується на програмі реєстрації та надання правової допомоги громаді, яка здійснюється в Західній Малайзії місцевою НУО за технічної підтримки УВКБ ООН. Повідомлена загальна кількість осіб без громадянства також включає 111 700 осіб без громадянства етнічної приналежності рохінджа, які також вважаються біженцями або шукачами притулку з М’янми, переважно зі штату Ракхайн."
2018,Ukraine, ,UKR,,STA,"Figure is an extrapolation of the 2001 census figure of persons who self-declared as not having a nationality. It includes 5,650 persons who are registered as stateless by the Ministry of the Interior of Ukraine.","Цифра є екстраполяцією даних перепису 2001 року щодо осіб, які заявили, що не мають громадянства. До нього входять 5650 осіб, які перебувають на обліку МВС України як особи без громадянства."
2020,Belgium, ,BEL,,STA,Stateless persons reported by UNHCR correspond to recognized stateless persons who have been granted a residence permit in Belgium and who are therefore registered in the national register. It should be noted that recognized stateless persons who have not been granted a residence permit are not taken into account in figures provided by the Belgian Government. UNHCR no longer reports on the number of persons registered by the Belgian Government in the national register under categories such as “undetermined nationality” and “nationality not yet determined” as the definitions of these categories are broad and may encompass other groups than stateless persons.,"Особи без громадянства, про які повідомляє УВКБ ООН, відповідають визнаним особам без громадянства, яким надано дозвіл на проживання в Бельгії та які, таким чином, зареєстровані в національному реєстрі. Слід зазначити, що визнані особи без громадянства, які не отримали дозволу на проживання, не враховуються в цифрах, наданих урядом Бельгії. УВКБ ООН більше не повідомляє про кількість осіб, зареєстрованих урядом Бельгії в національному реєстрі за такими категоріями, як «невизначене громадянство» та «ще не визначене громадянство», оскільки визначення цих категорій є широкими та можуть охоплювати інші групи, крім осіб без громадянства."
2018,China,Viet Nam,CHN,VNM,REF,"The 300,000 Vietnamese refugees are well integrated and in practice receive protection from the Government of China.",300 000 в’єтнамських біженців добре інтегровані та фактично отримують захист від уряду Китаю.
2023 - 2025,Iraq, ,IRQ,,STA,"This figure reflects the number of stateless persons identified through a survey completed by UNHCR and a partner among various communities affected by statelessness, which led to 1,000 interviews being conducted, through which 233 individuals were considered to be stateless. This figure only captures stateless individuals known to UNHCR, while there are likely to be more people in the country who are stateless. It does not include any estimate of the stateless refugee population or persons of undetermined nationality, populations that are also typically included in official UNHCR statelessness statistics. Based on other data sources it is understood that there are also persons of those profiles in Iraq, and the reported figures will be reviewed as more information becomes available.","Ця цифра відображає кількість осіб без громадянства, виявлених під час опитування, проведеного УВКБ ООН та партнером серед різних спільнот, які постраждали від безгромадянства, що призвело до проведення 1000 інтерв’ю, під час яких 233 особи були визнані особами без громадянства. Ця цифра охоплює лише осіб без громадянства, відомих УВКБ ООН, хоча ймовірно, що в країні буде більше людей без громадянства. Він не включає жодних оцінок біженців без громадянства чи осіб невизначеного громадянства, населення, яке також зазвичай включається в офіційну статистику безгромадянства УВКБ ООН. Виходячи з інших джерел даних, можна зрозуміти, що в Іраку також є люди з такими профілями, і наведені цифри будуть переглянуті, коли з’явиться більше інформації."
2019,South Africa, ,ZAF,,REF,"The total number of refugees is 78,398 at the end of 2019. The numbers published refer to end-2018, as validated disaggregated country of origin data for 2019 was not available at time of publication.","Загальна кількість біженців на кінець 2019 року становить 78 398 осіб. Опубліковані цифри стосуються кінця 2018 року, оскільки підтверджені дезагреговані дані про країни походження за 2019 рік були недоступні на момент публікації."
2021 - 2022,Rwanda, ,RWA,,STA,"This figure presents an estimate of persons with undetermined nationality/at risk of statelessness, based on a survey conducted by the Directorate General of Immigration and Emigration (DGIE) in 2010, which found approximately 9500 persons to be at risk of statelessness. Efforts are underway to conduct a survey that will provide an updated and reliable statistics in 2022.","Ця цифра представляє оцінку осіб із невизначеним громадянством/групами ризику безгромадянства, засновану на опитуванні, проведеному Генеральним управлінням імміграції та еміграції (DGIE) у 2010 році, яке виявило, що приблизно 9500 осіб ризикують залишитися без громадянства. Тривають зусилля щодо проведення опитування, яке дасть оновлену та надійну статистику у 2022 році."
2020,Malaysia, ,MYS,,STA,"The total stateless population in Malaysia includes 9,040 non-displaced stateless persons who may be entitled to Malaysian nationality under the law. This number of non-displaced stateless persons is based on a registration and community legal assistance programme undertaken in West Malaysia by a local NGO with technical support from UNHCR. The total statelessness figure reported also includes 102,258 stateless persons of Rohingya ethnicity who are also counted as refugees or asylum-seekers from Myanmar, mainly from Rakhine State. UNHCR’s statistical reporting generally follows a methodology that reports only one legal status for each person of concern. However, due to the size of the stateless Rohingya population displaced from Myanmar, UNHCR considers it important to reflect the dual status of this population group as both displaced and stateless. This approach was used for Malaysia for the first time in 2019.","Загальна кількість осіб без громадянства в Малайзії включає 9040 непереміщених осіб без громадянства, які можуть мати право на громадянство Малайзії згідно із законом. Ця кількість непереміщених осіб без громадянства базується на програмі реєстрації та надання правової допомоги громаді, яку в Західній Малайзії проводить місцева НУО за технічної підтримки УВКБ ООН. Повідомлена загальна кількість осіб без громадянства також включає 102 258 осіб без громадянства етнічної приналежності рохінджа, які також вважаються біженцями або шукачами притулку з М’янми, переважно зі штату Ракхайн. Статистична звітність УВКБ ООН, як правило, дотримується методології, яка повідомляє лише про один правовий статус для кожної відповідної особи. Однак через чисельність рохінджа без громадянства, переміщеного з М’янми, УВКБ ООН вважає важливим відобразити подвійний статус цієї групи населення як переміщених осіб, так і осіб без громадянства. У 2019 році такий підхід вперше застосували для Малайзії."
2018,South Africa, ,ZAF,,ASY,All figures refer to mid-2018.,Усі цифри стосуються середини 2018 року.
2018,Luxembourg, ,LUX,,REF,Refugee figure relates to the end of 2016.,Цифра біженців стосується кінця 2016 року.
2018,Dominican Rep., ,DOM,,STA,"UNHCR is currently working with the authorities and other actors to determine the size of the population that found an effective nationality solution under Law 169-14. Since the adoption of Law 169-14 in May 2014, important steps have been taken by the Dominican Republic to confirm Dominican nationality through the validation of birth certificates of individuals born in the country to two migrant parents. According to information released by the authorities, 26,153 individuals had been issued their Dominican civil documents by September of 2018. Additionally, 308 individuals formally presented their naturalization claims to the Ministry of Interior and Policeas of the end of 2018 and are awaiting their naturalization decrees.","Наразі УВКБ ООН працює з владою та іншими суб’єктами, щоб визначити чисельність населення, яке знайшло ефективне рішення щодо громадянства відповідно до Закону 169-14. Після прийняття Закону 169-14 у травні 2014 року Домініканська Республіка зробила важливі кроки для підтвердження домініканського громадянства шляхом перевірки свідоцтв про народження осіб, які народилися в країні від двох батьків-мігрантів. Згідно з інформацією, оприлюдненою владою, станом на вересень 2018 року 26 153 особам було видано цивільні документи в Домінікані. Крім того, 308 осіб офіційно подали свої заяви про натуралізацію до Міністерства внутрішніх справ і поліції наприкінці 2018 року та очікують своїх указів про натуралізацію."
2022,Iran (Islamic Rep. of), ,IRN,,REF,"In the Islamic Republic of Iran, some 2.6 million Afghans have been reported as people in a refugee-like situation. In 2022, the Government of the Islamic Republic of Iran conducted a recount of the previously ""head counted"" population and extended the scope of this scheme to all undocumented Afghans residing in the country, including those who had newly arrived due to the Taliban takeover in 2021 in Afghanistan. It is reported that 2.6 million Afghans enrolled in this exercise, which provides them with a headcount slip and temporary protection from deportation.","В Ісламській Республіці Іран приблизно 2,6 мільйона афганців, як повідомляється, перебувають у ситуації, схожій на біженців. У 2022 році уряд Ісламської Республіки Іран провів перерахунок попереднього «підрахованого» населення та поширив сферу дії цієї схеми на всіх незареєстрованих афганців, які проживають у країні, включно з тими, хто нещодавно прибув через захоплення влади Талібаном у 2021 році в Афганістані. Повідомляється, що 2,6 мільйона афганців взяли участь у цих навчаннях, які забезпечують їм обліковий запис і тимчасовий захист від депортації."
2021,Uzbekistan, ,UZB,,STA,"The 2021 end-year statelessness figure refers to stateless persons with permanent residence in Uzbekistan officially reported by the Government of Uzbekistan to UNHCR as of 31 December 2021. Information on other categories of statelessness is unavailable. The reported figure includes a reduction of 2,200 people who acquired the citizenship of Uzbekistan from 1 to 31 December 2020, which was not included in the 2020 annual statistics as it was reported in February 2022.","Показники безгромадянства на кінець 2021 року стосуються осіб без громадянства з постійним місцем проживання в Узбекистані, офіційно повідомлених урядом Узбекистану УВКБ ООН станом на 31 грудня 2021 року. Інформація про інші категорії безгромадянства недоступна. Повідомлена цифра включає скорочення на 2200 осіб, які отримали громадянство Узбекистану з 1 по 31 грудня 2020 року, що не було включено до щорічної статистики 2020 року, як повідомлялося в лютому 2022 року."
2025,Kyrgyzstan, ,KGZ,,REF,"Based on new arrivals information in the report of international organizations and UNHCR protection monitoring activities, UNHCR estimates there to be 22,500 people of various origins in Kyrgyzstan who may be in need of international protection.","На основі інформації про нових прибулих у звіті міжнародних організацій і діяльності УВКБ ООН з моніторингу захисту, УВКБ ООН вважає, що в Киргизстані перебуває 22 500 осіб різного походження, які можуть потребувати міжнародного захисту."
2023,Norway, ,NOR,,STA,The decrease in the stateless population in Norway between 2022 and 2023 is due to de-duplication of figures reported in previous years.,"Зменшення чисельності населення без громадянства в Норвегії між 2022 і 2023 роками пов’язане з усуненням дублювання даних, повідомлених за попередні роки."
2019,Thailand, ,THA,,STA,"The total statelessness figure includes 474,888 non-displaced stateless persons reported by the Royal Thai Government and registered with the national civil registration system as of December 2019. This figure includes 119 stateless persons of Rohingya ethnicity from Myanmar who are also counted as others of concern to UNHCR. UNHCR’s statistical reporting generally follows a methodology that reports only one status for each person of concern. However, due to the size of the stateless Rohingya population displaced from Myanmar, UNHCR considers it important to reflect the dual status of this population group as others of concern to UNHCR and stateless. This approach is being used for Thailand for the first time in 2019.","Загальна кількість осіб без громадянства включає 474 888 непереміщених осіб без громадянства, про які повідомив Королівський уряд Таїланду та зареєстровані в національній системі реєстрації актів цивільного стану станом на грудень 2019 року. Ця цифра включає 119 осіб без громадянства рохінджа з М’янми, які також вважаються іншими особами, якими займається УВКБ ООН. Статистична звітність УВКБ ООН, як правило, дотримується методології, згідно з якою повідомляється лише про один статус для кожної особи. Однак через чисельність рохінджа без громадянства, переміщеного з М’янми, УВКБ ООН вважає важливим відобразити подвійний статус цієї групи населення, а також інших, якими займається УВКБ ООН, і осіб без громадянства. Цей підхід вперше використовується для Таїланду в 2019 році."
2018, ,Iraq,,IRQ,REF,"Refugee figure for Iraqis in the Syrian Arab Republic was a Government estimate. UNHCR has registered and is assisting 15,700 Iraqis at the end of 2018. The refugee population in Jordan includes 34,600 Iraqis registered with UNHCR. The Government of Jordan estimated the number of Iraqis at 400,000 individuals at the end of March 2015. This includes refugees and other categories of Iraqis.","Чисельність біженців для іракців у Сирійській Арабській Республіці була оцінкою уряду. Станом на кінець 2018 року УВКБ ООН зареєструвало та надає допомогу 15 700 іракцям. Населення біженців у Йорданії включає 34 600 іракців, зареєстрованих УВКБ ООН. На кінець березня 2015 року уряд Йорданії оцінив чисельність іракців у 400 000 осіб. Це включає біженців та інші категорії іракців."
2023,Kyrgyzstan, ,KGZ,,STA,277 persons were naturalized or granted citizenship in 2023. Since December 2021 the data on number of staleless persons is provided by the Government.,У 2023 році було натуралізовано чи надано громадянство 277 особам. З грудня 2021 року дані про кількість нестабільних осіб надає Уряд.
2018,Latvia, ,LVA,,STA,"The Republic of Latvia enacted a Law on Stateless Persons on 17 February 2004, which replaced the Law on the Status of Stateless Persons in the Republic of Latvia of 18 February 1999, and which determines the legal status of persons who are not considered as citizens by the legislation of any State and whose status is not determined by the 25th April 1995 Law (quoted below).","Латвійська Республіка прийняла Закон про осіб без громадянства 17 лютого 2004 року, який замінив Закон про статус осіб без громадянства в Латвійській Республіці від 18 лютого 1999 року та визначає правовий статус осіб, які не вважаються громадянами за законодавством жодної держави та статус яких не визначається Законом від 25 квітня 1995 року (цитується нижче)."
2018,Luxembourg, ,LUX,,REF,The figure relate to the end of 2016.,Цифри стосуються кінця 2016 року.
2020,Poland, ,POL,,REF,"In Poland, the refugee population was rebased using the estimate of those likely to still be present on the territory of the State using the number of valid identity cards at year-end. This resulted in a reduction of some 10,200 refugees.","У Польщі кількість біженців була перерахована на основі оцінки тих, хто ймовірно все ще перебуває на території держави, з використанням кількості дійсних посвідчень особи на кінець року. Це призвело до скорочення приблизно на 10 200 біженців."
2025,Kenya, ,KEN,,STA,"The figure is based on an estimate of 18,500 in 2019 by UNHCR with input from stateless communities of whom 1,670 stateless persons of Shona descent were granted Kenyan citizenship in 2020. In 2023, approximately 7,000 individuals from the Pemba community had their nationality confirmed. An official government report on the Pemba registration exercise is yet to be released and statistics will be updated accordingly. As of mid-2025, the figure of 9,800 stateless persons in Kenya remains an estimate.","Ця цифра базується на оцінці 18 500 у 2019 році, проведеній УВКБ ООН за участю громад без громадянства, з яких 1670 осіб без громадянства за походженням шона отримали кенійське громадянство у 2020 році. У 2023 році приблизно 7000 осіб із громади Пемба підтвердили своє громадянство. Офіційний урядовий звіт про реєстрацію Pemba ще не оприлюднено, і статистичні дані будуть відповідно оновлені. Станом на середину 2025 року цифра в 9800 осіб без громадянства в Кенії залишається приблизною."
2018,Syrian Arab Rep.,Iraq,SYR,IRQ,REF,"Refugee figure for Iraqis  in the Syrian Arab Republic was a Government estimate. UNHCR has registered and is assisting 15,700 Iraqis at the end of 2018.",Чисельність біженців для іракців у Сирійській Арабській Республіці була оцінкою уряду. Станом на кінець 2018 року УВКБ ООН зареєструвало та надає допомогу 15 700 іракцям.
2021, ,Iraq,,IRQ,REF,"The refugee population in Jordan includes 34,350 Iraqis registered with UNHCR. The Government of Jordan estimated the number of Iraqis at 400,000 individuals at the end of March 2015. This includes refugees and other categories of Iraqis.","Біженці в Йорданії включають 34 350 іракців, зареєстрованих УВКБ ООН. На кінець березня 2015 року уряд Йорданії оцінив чисельність іракців у 400 000 осіб. Це включає біженців та інші категорії іракців."
2022,Bosnia and Herzegovina, ,BIH,,REF,"By mid-2022, there were 234 Ukrainian nationals, 73 of whom were protected, a further 73 under temporary residence on humanitarian grounds and 161 with non-visa stay.","Станом на середину 2022 року в Україні перебувало 234 громадянина України, 73 з яких отримали захист, ще 73 – тимчасово проживали з гуманітарних міркувань і 161 – безвізово."
2018,Syrian Arab Rep.,Iraq,SYR,IRQ,"REF,STA","Refugee figure for Iraqis was a Government estimate. UNHCR has registered 15,700 Iraqis at the end of 2018. According to some reports many stateless persons were naturalized between 2011-2018, but no official figures are yet confirmed.","Кількість біженців для іракців була оцінкою уряду. Станом на кінець 2018 року УВКБ ООН зареєструвало 15 700 іракців. Згідно з деякими даними, багато осіб без громадянства були натуралізовані в 2011-2018 роках, але офіційні дані ще не підтверджені."
2020,Spain, ,ESP,,REF,"The overall figures for Spain include cases granted refugee status (4%), subsidiary protection (1%) and cases that were granted authorization to stay based on humanitarian reasons (37%).","Загальні цифри для Іспанії включають випадки надання статусу біженця (4%), додатковий захист (1%) та випадки надання дозволу на перебування з гуманітарних причин (37%)."
2019,Kenya, ,KEN,,STA,"The figure of 18,500 is an estimate by UNHCR with input from stateless communities. The stateless population figures will be further reviewed in 2020 taking into consideration results from the 2019 Population and Housing Census conducted by the Government of Kenya as well as several studies on stateless populations undertaken over the last few years.","Цифра 18 500 є оцінкою УВКБ ООН за участю громад без громадянства. Дані про кількість осіб без громадянства будуть додатково переглянуті у 2020 році з урахуванням результатів перепису населення та житлового фонду 2019 року, проведеного урядом Кенії, а також кількох досліджень щодо населення без громадянства, проведених протягом останніх кількох років."
2018,United Kingdom of Great Britain and Northern Ireland, ,GBR,,ASY,Data refers to number of cases or mix of persons and cases.,Дані стосуються кількості випадків або сукупності осіб і випадків.
2022,Uzbekistan, ,UZB,,STA,The 2022 statelessness figure refers to stateless persons with permanent residence in Uzbekistan officially reported by the Government of Uzbekistan to UNHCR as of 31 December 2022. Information on other categories of statelessness is unavailable.,"Показник безгромадянства за 2022 рік стосується осіб без громадянства, які постійно проживають в Узбекистані, офіційно повідомлених УВКБ ООН Урядом Узбекистану станом на 31 грудня 2022 року. Інформація про інші категорії безгромадянства недоступна."
2022 - 2023,South Sudan, ,SSD,,STA,The reported figure is a preliminary estimate of persons of undetermined nationality by UNHCR. The estimate is based on the UNHCR 2018 statelessness study which documents specific profiles of groups at risk of statelessness in South Sudan.,"Повідомлена цифра є попередньою оцінкою УВКБ ООН щодо осіб невизначеного громадянства. Оцінка базується на дослідженні УВКБ ООН 2018 року щодо безгромадянства, яке задокументувало конкретні профілі груп ризику безгромадянства в Південному Судані."
2022,Saudi Arabia, ,SAU,,ASY,"Only those asylum-seekers facing acute or imminent protection risks are registered by UNHCR. There are some 13,400 other asylum-seekers who were individually assessed, counselled and advised to inform UNHCR of any changes in their situation, which would justify a decision to register them.","УВКБ ООН реєструє лише тих шукачів притулку, яким загрожує гострий або неминучий захист. Є близько 13 400 інших шукачів притулку, які пройшли індивідуальну оцінку, консультації та поради щодо інформування УВКБ ООН про будь-які зміни в їхній ситуації, які б виправдали рішення про їх реєстрацію."
2018,Australia, ,AUS,,ASY,Australia's figures for asylum-seekers are based on the number of applications lodged for protection visas.,"Дані Австралії щодо шукачів притулку базуються на кількості заявок, поданих на захисні візи."
2022,Cote d'Ivoire, ,CIV,,STA,"The statelessness figure is based on a 2019 mapping study jointly conducted by the Government and UNHCR. On 30 June 2022, the cessation clause for Ivorian refugees recommended by UNHCR came into effect.","Цифра безгромадянства базується на картографічному дослідженні 2019 року, проведеному спільно урядом та УВКБ ООН. 30 червня 2022 року набуло чинності положення про припинення перебування біженців Кот-д’Івуару, рекомендоване УВКБ ООН."
2018,Albania, ,ALB,,STA,The statelessness figure refers to a census from 2011 and has been adjusted to reflect the number of persons with undetermined nationality who had their nationality confirmed in 2011-2017.,"Показник безгромадянства відноситься до перепису 2011 року та був скоригований, щоб відобразити кількість осіб з невизначеним громадянством, які підтвердили своє громадянство у 2011-2017 роках."
2023,Saudi Arabia, ,SAU,,ASY,"Also, only those asylum-seekers facing acute or imminent protection risks are registered by UNHCR. In addition, there are some 3,900 other asylum-seekers who were individually assessed, counselled and advised to inform UNHCR of any changes in their situation, which would justify a decision to register them.","Крім того, УВКБ ООН реєструє лише тих шукачів притулку, яким загрожує гострий або неминучий захист. Крім того, є близько 3900 інших шукачів притулку, які пройшли індивідуальну оцінку, поради та поради щодо інформування УВКБ ООН про будь-які зміни в їхній ситуації, які б виправдали рішення про їх реєстрацію."
2024,United Kingdom of Great Britain and Northern Ireland, ,GBR,,STA,"The UK’s stateless figures show the number of stateless individuals recognised through the UK's stateless determination procedure since it began in 2013. In previous years, this figure has been calculated by adding all grants of stateless leave. This resulted in unavoidable double counting for stateless individuals who were applying for further statelessness leave after the expiry of their initial grant of leave. The UK Government has now provided data for initial and subsequent grants. The subsequent grants have therefore been removed from the previous cumulative figure between 2013 - 2018. Since 2019, the cumulative figure now only includes initial grants of leave following individuals’ recognition as stateless. As of 2024, the total number of individuals recognised under UK’s statelessness determination procedure is 389. UNHCR further provides the number of asylum-seekers and refugees whose nationality has been recorded as ‘stateless’ as part of the asylum process. For this group there has been no formal determination that they are stateless. The number of 'stateless' asylum-seekers in the UK awaiting a decision has been revised, following decisions on their asylum claims during the year.","Показники безгромадянства у Великій Британії показують кількість осіб без громадянства, визнаних за допомогою процедури визначення осіб без громадянства у Великій Британії з моменту її початку в 2013 році. У попередні роки цю цифру обчислювали шляхом додавання всіх дозволів на відпустку без громадянства. Це призвело до неминучого подвійного підрахунку для осіб без громадянства, які подали заяву на подальшу відпустку без громадянства після закінчення терміну їх початкової відпустки. Уряд Великобританії надав дані для початкових і наступних грантів. Таким чином, наступні субсидії були вилучені з попередньої сукупної цифри за 2013–2018 роки. З 2019 року сукупна цифра тепер включає лише початкові гранти на відпустку після визнання осіб особами без громадянства. Станом на 2024 рік загальна кількість осіб, визнаних відповідно до процедури визначення безгромадянства у Великій Британії, становить 389. Крім того, УВКБ ООН надає інформацію про кількість шукачів притулку та біженців, громадянство яких було зареєстровано як «апатриди» в рамках процесу отримання притулку. Для цієї групи не було офіційного визначення того, що вони є особами без громадянства. Кількість шукачів притулку без громадянства у Великій Британії, які очікують рішення, було переглянуто після рішень щодо їхніх заяв про надання притулку протягом року."
2025,Jordan, ,JOR,,REF,"The refugee population in Jordan includes 23,300 Iraqis registered with UNHCR. The Government of Jordan estimated the number of Iraqis at 400,000 individuals at the end of March 2015. This includes refugees and other categories of Iraqis.","Біженці в Йорданії включають 23 300 іракців, зареєстрованих УВКБ ООН. На кінець березня 2015 року уряд Йорданії оцінив чисельність іракців у 400 000 осіб. Це включає біженців та інші категорії іракців."
2022,Spain, ,ESP,,REF,"The overall figures for Spain include refugee status (6%), subsidiary protection (9%), temporary protection (50%) and humanitarian reasons (35%). Source: Spanish Ministry of Inclusion, Social Security and Migration.","Загальні цифри для Іспанії включають статус біженця (6%), додатковий захист (9%), тимчасовий захист (50%) і гуманітарні причини (35%). Джерело: Міністерство інтеграції, соціального забезпечення та міграції Іспанії."
2018,Cote d'Ivoire, ,CIV,,STA,Figure is based on a Government estimate of individuals who themselves or whose parents or grandparents migrated to Côte d’Ivoire before or just after independence and who did not establish their nationality at independence or before the nationality law changed in 1972. The estimate is derived in part from cases denied voter registration in 2010 because electoral authorities could not determine their nationality at the time. The estimation is adjusted to reflect the number of persons who acquired nationality through the special ‘acquisition of nationality by declaration’ procedure until end of 2018. The estimate does not include individuals of unknown parentage who were abandoned as children and who are not considered as nationals under Ivorian law.,"Цифра базується на урядовій оцінці осіб, які самі або чиї батьки чи бабусі та дідусі переїхали до Кот-д’Івуару до або одразу після здобуття незалежності та які не встановили своє громадянство під час здобуття незалежності чи до зміни закону про громадянство в 1972 році. Оцінка частково отримана на основі випадків відмови в реєстрації виборців у 2010 році, оскільки виборчі органи не могли визначити їх громадянство на той час. Оцінку скориговано, щоб відобразити кількість осіб, які отримали громадянство за допомогою спеціальної процедури «набуття громадянства за декларацією» до кінця 2018 року. Оцінка не включає осіб невідомого походження, яких покинули в дитинстві та які не вважаються громадянами відповідно до законодавства Кот-д’Івуару."
2024,Ethiopia, ,ETH,,IDP,The estimate for internally displaced people in Ethiopia included previously inaccessible locations in the Tigray region and the south of the country.,Оцінка для внутрішньо переміщених осіб в Ефіопії включала раніше недоступні місця в регіоні Тиграй і на півдні країни.
2018,Zimbabwe, ,ZWE,,STA,A study is being pursued to provide a revised estimate of this figure.,"Проводиться дослідження, щоб отримати переглянуту оцінку цієї цифри."
2019,Spain, ,ESP,,REF,"The overall figures for Spain include cases granted refugee status (3%), subsidiary protection (3%) and cases that were granted authorization to stay based on humanitarian reasons (63%).","Загальні цифри для Іспанії включають випадки надання статусу біженця (3%), додатковий захист (3%) та випадки, які отримали дозвіл на перебування з гуманітарних причин (63%)."
2022,Bosnia and Herzegovina, ,BIH,,STA,"During the year, 48 people had their nationality confirmed.",За рік підтвердили національність 48 осіб.
2018 - 2019,Philippines, ,PHL,,STA,The updated figure is based on improved information concerning persons of Indonesian descent who have acquired nationality.,"Оновлена ​​цифра базується на покращенні інформації щодо осіб індонезійського походження, які отримали громадянство."
2020,Bangladesh, ,BGD,,STA,"The figure reported relates to 866,457 stateless persons of Rohingya ethnicity who are also counted as refugees from Myanmar, mainly from Rakhine State. UNHCR’s statistical reporting generally follows a methodology that reports only one legal status for each person of concern. However, due to the size of the stateless Rohingya population displaced from Myanmar, UNHCR considers it important to reflect the dual status of this population group as both displaced and stateless. This approach has been used for Bangladesh since 2017.","Повідомлена цифра стосується 866 ​​457 осіб без громадянства рохінджа, які також вважаються біженцями з М’янми, переважно зі штату Ракхайн. Статистична звітність УВКБ ООН, як правило, дотримується методології, яка повідомляє лише про один правовий статус для кожної відповідної особи. Однак через чисельність рохінджа без громадянства, переміщеного з М’янми, УВКБ ООН вважає важливим відобразити подвійний статус цієї групи населення як переміщених осіб, так і осіб без громадянства. Цей підхід використовується для Бангладеш з 2017 року."
"2018 - 2019, 2021, 2024",Japan, ,JPN,,"ASY,REF,IDP,STA,OOC,HST,OIP",Figures are UNHCR estimates.,Цифри є оцінками УВКБ ООН.
2018,Papua New Guinea, ,PNG,,"REF,ASY,IDP,STA,OOC,HST,OIP",The data was provided by the Government on 3 December 2018.,Дані були надані Урядом 3 грудня 2018 року.
2023,Myanmar, ,MMR,,STA,"The estimated figure of persons of concern under the statelessness mandate relates to stateless persons of Rohingya ethnicity in Rakhine State, including stateless Rohingya IDPs in Myanmar. The number of persons of undetermined nationality residing in other states or regions in Myanmar is not currently available. The number of stateless persons remaining in Rakhine State following violence in 2016 and 2017 and large scale departures to Bangladesh is based on detailed estimates for each village tract made by UNHCR, other UN agencies and NGOs in early 2018, which concluded that between 532,000 to 600,000 Rohingya remained in Rakhine State, increasing to 632,800 due to additional displacement (including an estimated 155,500 of those Rohingya who have been internally displaced).","Орієнтовна кількість осіб, яких стосується особа без громадянства, стосується осіб без громадянства етнічної приналежності рохінджа в штаті Ракхайн, включаючи ВПО без громадянства рохінджа в М’янмі. Кількість осіб невизначеного громадянства, які проживають в інших штатах або регіонах М’янми, наразі недоступна. Кількість осіб без громадянства, які залишилися в штаті Ракхайн після насильства в 2016 і 2017 роках і великомасштабних виїздів до Бангладеш, базується на детальних оцінках для кожного сільського масиву, зроблених УВКБ ООН, іншими агентствами ООН і неурядовими організаціями на початку 2018 року, які дійшли висновку, що від 532 000 до 600 000 рохінджа залишилися в штаті Ракхайн, збільшившись до 632 800 через до додаткового переміщення (включаючи, за оцінками, 155 500 рохінджа, які були внутрішньо переміщеними особами)."
2020,Kenya, ,KEN,,STA,"The figure of 18,500  in 2019 was an estimate by UNHCR with input from stateless communities. In December 2020 the Government of Kenya registered 1,670 stateless persons of Shona descent as citizens of Kenya putting an end to their statelessness situation. This brings the total estimated statelessness population down to 16,830.","Цифра 18 500 у 2019 році була оцінкою УВКБ ООН за участю громад без громадянства. У грудні 2020 року уряд Кенії зареєстрував 1670 осіб без громадянства походженням із шона як громадян Кенії, поклавши край їх безгромадянству. Таким чином, загальна оціночна кількість осіб без громадянства зменшилася до 16 830 осіб."
2021,United States of America, ,USA,,ASY,"UNHCR’s global reporting standard for asylum statistics is for individual level data. To meet this standard, US Citizenship and Immigration Services (USCIS) shared the 2021 asylum data expressed in terms of individuals. Previously, USCIS provided data based on asylum “cases” and average family household size, which UNHCR used to estimate the total number of individual asylum applications before USCIS. The shift in 2021 to USCIS reporting of individuals (not cases) allows for more precise reporting, as well as more consistency across the U.S. asylum data, since the U.S. Executive Office for Immigration Review (EOIR) has already been reporting individual-level asylum statistics to UNHCR. UNHCR notes that the increase in the reported number of asylum applications filed with USCIS in 2021 primarily reflects this change in reporting modality.","Глобальний стандарт звітності УВКБ ООН щодо статистики притулку стосується даних індивідуального рівня. Щоб відповідати цьому стандарту, Служба громадянства та імміграції США (USCIS) поділилася даними про надання притулку за 2021 рік, виражених у вигляді окремих осіб. Раніше USCIS надавав дані на основі «випадків» притулку та середнього розміру родини, які УВКБ ООН використовувало для оцінки загальної кількості індивідуальних заяв про притулок до USCIS. Перехід у 2021 році на звітність USCIS щодо окремих осіб (а не випадків) дозволяє точніше звітувати, а також узгоджувати дані щодо надання притулку в США, оскільки Виконавчий офіс США з питань імміграції (EOIR) уже надає УВКБ ООН статистичні дані про надання притулку на індивідуальному рівні. УВКБ ООН зазначає, що збільшення повідомленої кількості заяв про надання притулку, поданих до USCIS у 2021 році, насамперед відображає цю зміну в способі звітування."
2022,Canada,Ukraine,CAN,UKR,REF,Refers to people in refugee-like situations.,"Посилається на людей, які перебувають у ситуаціях, схожих на біженців."
2022, ,Ukraine,,UKR,OOC,"The others of concern figure at end-2022 corresponds to the number of conflict-affected, non-displaced people assisted by UNHCR during the year.","Інші цифри, що викликають занепокоєння, на кінець 2022 року відповідають кількості постраждалих від конфлікту непереміщених осіб, яким УВКБ ООН допомогло протягом року."
2023,Russian Federation,Ukraine,RUS,UKR,REF,"The figure for the Russian Federation includes 1.2 million Ukrainians who were granted refugee or temporary asylum status, as well as those recorded in the country in 2023 under other forms of stay.","Цифра по Російській Федерації включає 1,2 мільйона українців, які отримали статус біженця або тимчасового притулку, а також зафіксованих в країні в 2023 році за іншими формами перебування."
2025,United Kingdom of Great Britain and Northern Ireland, ,GBR,,STA,"With regards to stateless statistics, the UK’s stateless figures show the number of stateless individuals recognised through the UK's stateless determination procedure since it began in 2013 (389 as of end-2024). UNHCR further provides the number of asylum-seekers and refugees whose nationality has been recorded as ‘stateless’ as part of the asylum process. For this group there has been no formal determination that they are stateless.","Що стосується статистики осіб без громадянства, то цифри без громадянства у Великій Британії показують кількість осіб без громадянства, визнаних за допомогою процедури визначення осіб без громадянства у Великій Британії з моменту її початку в 2013 році (389 станом на кінець 2024 року). Крім того, УВКБ ООН надає інформацію про кількість шукачів притулку та біженців, громадянство яких було зареєстровано як «апатриди» в рамках процесу надання притулку. Для цієї групи не було офіційного визначення того, що вони є особами без громадянства."
2025,Netherlands (Kingdom of the), ,NLD,,REF,"The total number of refugees by mid-2025 is an estimation based on the data on recognized refugees by end-2024 as provided by authorities, adding the recognitions during the first half of 2025 and deducting the recognitions during the first half of 2015, to which the total number of temporary protection status holders by mid-year was added.","Загальна кількість біженців до середини 2025 року є оцінкою, яка базується на даних про визнаних біженців до кінця 2024 року, наданих органами влади, додаючи визнання протягом першої половини 2025 року та вираховуючи визнання протягом першої половини 2015 року, до яких було додано загальну кількість осіб, які отримали статус тимчасового захисту до середини року."
2021,Ukraine, ,UKR,,STA,"The numbers reported in Ukraine are an extrapolation of the 2001 census figure of persons who self-declared as not having a nationality. It includes 6,047 persons who are registered as stateless by the Ministry of the Interior of Ukraine.","Цифри, надані в Україні, є екстраполяцією перепису 2001 року осіб, які заявили, що не мають громадянства. До нього входять 6047 осіб, які перебувають на обліку МВС України як особи без громадянства."
2024,Denmark, ,DNK,,STA,"With regards to stateless statistics, the figures include: (a) the number of stateless asylum seekers at end-year reported by the Danish authorities; (b) the number of stateless refugees at year-end with valid residence permit as of 1 January 2024 and increases (e.g. recognitions) or decreases (e.g. refugee status cessation) through the year as reported by Danish authorities; and (c) the number of non-displaced stateless persons (those with other non-protection related types of permits) based on data from Statistics Denmark corresponding to the resident population recorded as ""Stateless"" as of 1 January 2025, deducting the estimated number of stateless refugees at year-end.","Що стосується статистики осіб без громадянства, цифри включають: (a) кількість шукачів притулку без громадянства на кінець року, про яку повідомляють органи влади Данії; (b) кількість біженців без громадянства станом на кінець року з дійсним дозволом на проживання станом на 1 січня 2024 року та збільшується (наприклад, визнання) або зменшується (наприклад, припинення статусу біженця) протягом року, як повідомляють органи влади Данії; та (c) кількість непереміщених осіб без громадянства (тих, хто має інші типи дозволів, не пов’язаних із захистом), на основі даних Статистичного управління Данії відповідно до постійного населення, зареєстрованого як «апатриди» станом на 1 січня 2025 року, за вирахуванням оціненої кількості біженців без громадянства на кінець року."
2018 - 2025,United States of America, ,USA,,STA,"The United States of America has not adopted a formal status determination procedure to identify stateless persons, and there is no official government data-tracking of the stateless population in the USA. As such, while the USA has a stateless population, the actual number is unknown.","Сполучені Штати Америки не прийняли формальної процедури визначення статусу для ідентифікації осіб без громадянства, і в США немає офіційного державного відстеження даних про осіб без громадянства. Таким чином, хоча в США є населення без громадянства, фактична кількість невідома."
2023,Slovakia, ,SVK,,STA,"A previous estimate of persons of undetermined nationality was removed, as more comprehensive dissagregation of country of origin information of populations from the 2021 census became available.","Попередню оцінку щодо осіб невизначеної національності було вилучено, оскільки стала доступною більш повна дезагрегація інформації про країни походження населення з перепису 2021 року."
2018 - 2025,Estonia, ,EST,,STA,Almost all people recorded as being stateless have permanent residence and enjoy more rights than foreseen in the 1954 Convention relating to the Status of Stateless Persons.,"Майже всі люди, зареєстровані як особи без громадянства, мають постійне місце проживання та користуються більшими правами, ніж передбачено Конвенцією про статус осіб без громадянства 1954 року."
2021,Kyrgyzstan, ,KGZ,,STA,128 persons were naturalized or granted citizenship in 2021. The data on number of staleless persons as of 31 December 2021 is provided by the Government.,У 2021 році натуралізовано або надано громадянство 128 особам. Дані про кількість осіб без старості станом на 31 грудня 2021 року надає Уряд.
2018,Haiti, ,HTI,,STA,Figure refers to individuals without a nationality who were born in the Dominican Republic prior to January 2010 and who were identified by UNHCR in Haiti from July 2015 to September 2017.,"Цифра стосується осіб без громадянства, які народилися в Домініканській Республіці до січня 2010 року та були ідентифіковані УВКБ ООН на Гаїті з липня 2015 року до вересня 2017 року."
2022 - 2023,Uganda, ,UGA,,STA,"This figure presents an estimate of persons with undetermined nationality/at risk of statelessness, based on joint outreach mission conducted by the Government of Uganda and UNHCR in September/October 2021, that aimed to provide estimate numbers through self-identification of communities not recognized under the Third Schedule of the 1995 Constitution.","Ця цифра представляє приблизну кількість осіб із невизначеним громадянством/групами ризику безгромадянства на основі спільної інформаційної місії, проведеної урядом Уганди та УВКБ ООН у вересні/жовтні 2021 року, яка мала на меті надати приблизну кількість шляхом самоідентифікації спільнот, не визнаних згідно з Третім додатком Конституції 1995 року."
2020,Iran (Islamic Rep. of), ,IRN,,STA,"The figures reported reflects stateless persons of Rohingya ethnicity who are also counted as refugees from Myanmar, mainly from Rakhine State. UNHCR’s statistical reporting generally follows a methodology that reports only one legal status for each person of concern. However, due to the size of the stateless Rohingya population displaced from Myanmar, UNHCR considers it important to reflect the dual status of this population group as both displaced and stateless. The figure reflected does not represent an estimation of the entire stateless population.","The figures reported reflects stateless persons of Rohingya ethnicity who are also counted as refugees from Myanmar, mainly from Rakhine State. UNHCR’s statistical reporting generally follows a methodology that reports only one legal status for each person of concern. However, due to the size of the stateless Rohingya population displaced from Myanmar, UNHCR considers it important to reflect the dual status of this population group as both displaced and stateless. The figure reflected does not represent an estimation of the entire stateless population."
2018 - 2019,Croatia, ,HRV,,STA,Figure from the 2011 census. It includes 28 persons registered as stateless by the Government of Croatia.,Figure from the 2011 census. It includes 28 persons registered as stateless by the Government of Croatia.
2025,Malaysia, ,MYS,,STA,"The total stateless population in Malaysia includes 9,200 non-displaced stateless people who may be entitled to Malaysian nationality under the law. This number of non-displaced stateless people is based on a registration and community legal assistance programme undertaken in West Malaysia by a local NGO with technical support from UNHCR. The total statelessness figure reported also includes 119,100 stateless persons of Rohingya ethnicity who are also counted as refugees or asylum-seekers from Myanmar, mainly from Rakhine State.","Загальна кількість осіб без громадянства в Малайзії включає 9200 непереміщених осіб без громадянства, які можуть мати право на громадянство Малайзії згідно із законом. Ця кількість непереміщених осіб без громадянства базується на програмі реєстрації та надання правової допомоги громаді, яка здійснюється в Західній Малайзії місцевою НУО за технічної підтримки УВКБ ООН. Повідомлена загальна кількість осіб без громадянства також включає 119 100 осіб без громадянства етнічної приналежності рохінджа, які також вважаються біженцями або шукачами притулку з М’янми, переважно зі штату Ракхайн."
2019 - 2023,Syrian Arab Rep., ,SYR,,STA,"According to some reports many stateless persons have been naturalized since 2011, but no official figures are yet confirmed.","Згідно з деякими даними, багато осіб без громадянства були натуралізовані з 2011 року, але офіційні дані ще не підтверджені."
2022,Colombia, ,COL,,IDP,"The National Victims Registry of Colombia contains the historical accumulated figure of the number of victims of displacement which continues to increase, given that victims continue to be registered in the country. Thus, the total number of persons recognized as victims of displacement (more than 8.4 million), includes the number of IDPs who are subject to attention and/or reparation, i.e. those who meet the requirements to access the measures of attention and reparation established in Colombian Law 1448 (6.8 million). The number of victims of displacement who are deceased, direct victims of forced disappearance and homicide, and other victims who, for various reasons, cannot effectively access these measures, are identified as not being subject to attention or reparation and therefore not included in the figure of 6.8 million. The figure is constantly updated, considering that by legal definition, victims have up to two years to make their declaration and be included in the registry system. See the summary: https://www.unidadvictimas.gov.co/es/registro-unico-de-victimas-ruv/37394.","Національний реєстр жертв Колумбії містить дані про кількість жертв переміщення, яка продовжує зростати, враховуючи, що жертви продовжують реєструватися в країні. Таким чином, загальна кількість осіб, визнаних жертвами переміщення (понад 8,4 мільйона), включає кількість ВПО, які підлягають догляду та/або відшкодуванню, тобто тих, хто відповідає вимогам щодо доступу до заходів догляду та відшкодування, встановленим колумбійським Законом 1448 (6,8 мільйона). Кількість померлих жертв переміщення, безпосередніх жертв насильницького зникнення та вбивств, а також інших жертв, які з різних причин не мають ефективного доступу до цих заходів, визначено як такі, що не підлягають уваги чи відшкодуванню, і тому не включені до цифри 6,8 мільйонів. Цифра постійно оновлюється, враховуючи, що за юридичним визначенням жертви мають до двох років, щоб подати декларацію та бути внесеними до системи реєстру. Перегляньте резюме: https://www.unidadvictimas.gov.co/es/registro-unico-de-victimas-ruv/37394."
2024,Iceland, ,ISL,,STA,"With regards to stateless statistics, the figures include: (a) the number of stateless asylum seekers at end-year as reported by the Icelandic authorities; (b) the number of stateless refugees at year-end with valid residence permits on the basis of international protection as reported by Icelandic authorities; and (c) the number of non-displaced stateless persons (those with other non-protection related types of permits) based on data from Statistics Iceland corresponding to the resident population recorded as ""Stateless"" as of 1 January 2024 (no available data for end-2024 yet), deducting the reported number of stateless refugees at year-end.","Що стосується статистики без громадянства, цифри включають: (a) кількість шукачів притулку без громадянства на кінець року, як повідомляє ісландська влада; (b) кількість біженців без громадянства на кінець року з дійсними дозволами на проживання на основі міжнародного захисту, як повідомили органи влади Ісландії; та (c) кількість непереміщених осіб без громадянства (тих, хто має інші типи дозволів, не пов’язаних із захистом), на основі даних Статистичного управління Ісландії відповідно до постійного населення, зареєстрованого як «апатриди» станом на 1 січня 2024 року (ще немає доступних даних на кінець 2024 року), за вирахуванням повідомленої кількості біженців без громадянства на кінець року."
2021,Lithuania, ,LTU,,"REF,ASY,IDP,STA,OOC,HST,OIP",Data for refugees and stateless people is as of end-2020.  Data for asylum-seekers is sourced from the monthly statistics published on the Government website: https://migracija.lrv.lt/lt/statistika/prieglobscio-skyriaus-statistika/statistika-1/2021-metai,"Дані щодо біженців та осіб без громадянства наведено станом на кінець 2020 року.  Дані щодо шукачів притулку отримують із щомісячної статистики, опублікованої на веб-сайті уряду: https://migracija.lrv.lt/lt/statistika/prieglobscio-skyriaus-statistika/statistika-1/2021-metai"
2023,Spain, ,ESP,,REF,"The number of refugees is based on the data on refugees, as provided by the government. The overall figures for Spain include refugee status (7%), subsidiary protection (8%), temporary protection (50%) and humanitarian reasons (35%). Source: Spanish Ministry of Inclusion, Social Security and Migration.","Кількість біженців базується на даних про біженців, наданих урядом. Загальні цифри для Іспанії включають статус біженця (7%), додатковий захист (8%), тимчасовий захист (50%) і гуманітарні причини (35%). Джерело: Міністерство інтеграції, соціального забезпечення та міграції Іспанії."
2024 - 2025,Sweden, ,SWE,,REF,"With regards to refugee statistics, since 2024 the number of refugees in Sweden are based on data reported by authorities of persons with valid residence permits issued on the basis of international protection. The figures replace previous refugee stock estimations conducted by UNHCR.","Що стосується статистики біженців, з 2024 року кількість біженців у Швеції базується на даних, наданих органами влади щодо осіб, які мають дійсний дозвіл на проживання, виданий на основі міжнародного захисту. Цифри замінюють попередні оцінки кількості біженців, проведені УВКБ ООН."
2025,Uzbekistan, ,UZB,,STA,"Authorities in Uzbekistan confirmed that the number of stateless persons with permanent residence has decreased below 20,000, leading to a revision of the previous statistics as of 31 December 2023. The figures will be reviewed once official data for 2025 becomes available. Information on categories of statelessness, other than stateless persons with permanent residence is unavailable.","Влада Узбекистану підтвердила, що кількість осіб без громадянства з постійним місцем проживання знизилася нижче 20 000, що призвело до перегляду попередньої статистики станом на 31 грудня 2023 року. Цифри будуть переглянуті, коли стануть доступними офіційні дані за 2025 рік. Інформація про категорії осіб без громадянства, крім осіб без громадянства з постійним місцем проживання, недоступна."
2024,Australia, ,AUS,,STA,"Stateless figures in Australia are sourced from the Government. They consist of figures on stateless persons held in detention and those that have been issued or are in an application process for an “Onshore Humanitarian Visa” and have self-reported to be stateless. Australia does not have a separate statelessness status determination procedure and only provides statistics on humanitarian visas. Due to this, the figure reported here does not capture all stateless persons in Australia and is not an estimate of statelessness in Australia. Figures for stateless persons in detention come from the Australian Government Department of Home Affairs and Australian Border Force report on Immigration Detention and Community Statistics Summary 31 December 2024. As updated data for some stateless populations were not yet available, some of the figures only reflect information received until mid-2024.","Особи без громадянства в Австралії надаються урядом. Вони складаються з даних про осіб без громадянства, які утримуються під вартою, і тих, хто отримав або перебуває в процесі подачі заявки на отримання «берегової гуманітарної візи» і які самі повідомили, що є особами без громадянства. В Австралії немає окремої процедури визначення статусу особи без громадянства, і надається лише статистика щодо гуманітарних віз. Через це наведена тут цифра не охоплює всіх осіб без громадянства в Австралії та не є оцінкою безгромадянства в Австралії. Дані щодо осіб без громадянства, які перебувають під вартою, взяті зі звіту Департаменту внутрішніх справ уряду Австралії та Австралійських прикордонних сил про зведення імміграційних затримань і статистики громади від 31 грудня 2024 року. Оскільки оновлені дані щодо деяких осіб без громадянства ще не були доступні, деякі цифри відображають лише інформацію, отриману до середини 2024 року."
2024 - 2025,Slovenia, ,SVN,,STA,"With regards to stateless statistics, the figure is an estimate based on previous NGO analysis of government data and may not represent the full magnitude of statelessness in Slovenia.","Що стосується статистики без громадянства, то ця цифра є оцінкою, яка ґрунтується на попередньому аналізі урядових даних неурядовими організаціями та може не відображати повного масштабу безгромадянства в Словенії."
2018,Bangladesh, ,BGD,,REF,"Refugee figure includes 906,635 stateless persons from Myanmar.",Кількість біженців включає 906 635 осіб без громадянства з М'янми.
2021 - 2022,Bulgaria, ,BGR,,REF,"No official data on the actual number of refugees residing in Bulgaria is available. According to estimates, between 1,000 and 2,000 refugees and humanitarian status holders remain in the country. It is expected that the 2021 National Census, which will include for the first-time refugee and stateless populations, will provide more accurate data by end of 2022.","Офіційних даних про фактичну кількість біженців, які проживають у Болгарії, немає. За оцінками, в країні залишаються від 1000 до 2000 біженців і осіб з гуманітарним статусом. Очікується, що Національний перепис населення 2021 року, який охоплюватиме осіб, які вперше стали біженцями та осіб без громадянства, надасть більш точні дані до кінця 2022 року."
2021,Colombia, ,COL,,IDP,"The National Victims Registry of Colombia contains the historical accumulated figure of the number of victims of displacement, which continues to increase given that victims continue to be registered in the country. Thus, the total number of people recognized as victims of displacement (more than 8.2 million), includes the number of IDPs who are subject to attention and/or reparation, i.e. those who meet the requirements to access the measures of attention and reparation established in Colombian Law 1448 (6.8 million). The number of victims of displacement who are deceased, or IDPs who were victims of homicide or forced disappearance, and other victims who, for various reasons, cannot effectively access these measures, are identified as not being subject to attention or reparation and therefore not included in the figure of 6.8 million. The figure is constantly updated, considering that by legal definition, victims have up to two years to make their declaration and be included in the registry system. See the summary: https://www.unidadvictimas.gov.co/es/registro-unico-de-victimas-ruv/37394.","У Національному реєстрі жертв Колумбії міститься накопичена історична цифра кількості жертв переміщення, яка продовжує зростати, оскільки жертви продовжують реєструватися в країні. Таким чином, загальна кількість людей, визнаних жертвами переміщення (понад 8,2 мільйона), включає кількість ВПО, які підлягають догляду та/або відшкодуванню, тобто тих, хто відповідає вимогам щодо доступу до заходів догляду та відшкодування, встановленим колумбійським Законом 1448 (6,8 мільйона). Кількість жертв переміщення, які померли, або ВПО, які стали жертвами вбивства чи насильницького зникнення, та інших жертв, які з різних причин не можуть ефективно отримати доступ до цих заходів, визначені як такі, що не підлягають увазі чи відшкодуванню, і тому не включені до цифри 6,8 мільйонів. Цифра постійно оновлюється, враховуючи, що за юридичним визначенням жертви мають до двох років, щоб подати декларацію та бути внесеними до системи реєстру. Перегляньте резюме: https://www.unidadvictimas.gov.co/es/registro-unico-de-victimas-ruv/37394."
2023,Poland, ,POL,,STA,"There is no official data on statelessness in Poland. The reported figure refers to the number of stateless persons holding a personal identification number issued by the Government, which does not cover all stateless people in the country. The figure additionally includes stateless asylum-seekers and refugees (incl. benificiaries of temporary protection) in Poland.","Офіційних даних щодо осіб без громадянства в Польщі немає. Повідомлена цифра стосується кількості осіб без громадянства, які мають персональний ідентифікаційний номер, виданий урядом, який не охоплює всіх осіб без громадянства в країні. Цифра додатково включає шукачів притулку без громадянства та біженців (включно з бенефіціарами тимчасового захисту) у Польщі."
2019,Luxembourg, ,LUX,,ASY,Source: Eurostat,Джерело: Євростат
2021,South Africa, ,ZAF,,ASY,New asylum applications were not received in 2021 while Refugee Reception Offices were closed due to the declaration of a national state of disaster (COVID-19 health pandemic).,"У 2021 році нові заяви про надання притулку не надходили, оскільки відділи прийому біженців були закриті через оголошення національного стану лиха (пандемія COVID-19)."
2020 - 2021,South Sudan, ,SSD,,STA,This newly reported figure is a preliminary estimate of persons of undetermined nationality by UNHCR. The estimate is based on the UNHCR 2018 statelessness study which documents specific profiles of groups at risk of statelessness in South Sudan.,"Ця нещодавно надана цифра є попередньою оцінкою УВКБ ООН щодо осіб невизначеного громадянства. Оцінка базується на дослідженні УВКБ ООН 2018 року щодо безгромадянства, яке задокументувало конкретні профілі груп ризику безгромадянства в Південному Судані."
2019,Singapore, ,SGP,,STA,Figure provided by Singapore’s Immigration and Checkpoints Authority in February 2019 on the number of stateless people living in the country.,"Дані щодо кількості осіб без громадянства, які проживають у країні, надано Управлінням імміграції та контрольно-пропускних пунктів Сінгапуру в лютому 2019 року."
2025,Sweden, ,SWE,,STA,"With regards to stateless statistics, the number of stateless persons at mid-year in Sweden are based on data reported by the Swedish Migration Agency including stateless refugees (3,613), stateless asylum-seekers (201) and stateless persons with other non-protection related types of permits (2,613).","Що стосується статистики без громадянства, кількість осіб без громадянства на середину року в Швеції базується на даних, наданих Шведським міграційним агентством, включаючи біженців без громадянства (3613), шукачів притулку без громадянства (201) та осіб без громадянства з іншими типами дозволів, не пов’язаних із захистом (2613)."
2024,Iran (Islamic Rep. of), ,IRN,,REF,"From the Islamic Republic of Iran, almost a quarter of a million Afghans were estimated to have returned to their country in 2024. Refugee returns are expected to increase in 2025, following the announcement by the Government of the Islamic Republic of Iran in February 2025 that headcount slips will not be extended beyond 20 March 2025. See https://data.unhcr.org/en/documents/details/115667.","За оцінками, у 2024 році майже чверть мільйона афганців повернулися до своєї країни з Ісламської Республіки Іран. Очікується, що у 2025 році кількість біженців зросте після оголошення урядом Ісламської Республіки Іран у лютому 2025 року про те, що кількість осіб не буде продовжена після 20 березня 2025 року. Див. https://data.unhcr.org/en/documents/details/115667."
2018, , ,,,IDP,"Since 2007, people in IDP-like situations are included in the IDP estimates. IDP figures since 2007 are not fully comparable with previous years.","З 2007 року люди, які перебувають у ситуаціях, подібних до ВПО, включаються в оцінку ВПО. Показники ВПО з 2007 року не можна повністю порівняти з попередніми роками."
2023,Rwanda, ,RWA,,STA,"This figure presents an estimate of persons with undetermined nationality/at risk of statelessness, based on a survey conducted by the Directorate General of Immigration and Emigration (DGIE) in 2010, which found approximately 9,500 persons to be at risk of statelessness. The 2023 population and housing census, led to the identification of areas where populations reside who are stateless or at the risk thereof. Efforts are underway to conduct targeted surveys that will provide an updated and reliable statistics.","Ця цифра представляє оцінку осіб з невизначеним громадянством/групами ризику безгромадянства, засновану на опитуванні, проведеному Генеральним управлінням імміграції та еміграції (DGIE) у 2010 році, яке виявило, що приблизно 9500 осіб ризикують залишитися без громадянства. Перепис населення та житлового фонду 2023 року привів до виявлення територій, де проживає населення, яке є особами без громадянства або ризикує опинитися без громадянства. Тривають заходи щодо проведення цільових опитувань, які забезпечать оновлену та надійну статистику."
2025,United States of America, ,USA,,"REF,ASY","Comprehensive statistics from the United States of America, including those on asylum applications, decisions and pending cases, were last reported up to mid-2024.","Повна статистика зі Сполучених Штатів Америки, включно з заявами про надання притулку, рішеннями та незавершеними справами, востаннє надходила до середини 2024 року."
2018,Myanmar, ,MMR,,IDP,"The figures include an estimated 125,000 stateless IDPs, people in IDP-like situation who are also of concern under the statelessness mandate.","Ці цифри включають приблизно 125 000 ВПО без громадянства, людей, які перебувають у ситуації, подібній до ВПО, які також підпадають під занепокоєння згідно з мандатом щодо осіб без громадянства."
2022,Latvia, ,LVA,,STA,"With respect to persons under UNHCR’s statelessness mandate, this figure includes persons of concern covered by two separate Latvian laws. 160 persons fall under the Republic of Latvia’s Law on Stateless Persons on 17 February 2004. 187,404 of the persons fall under Latvia’s 25 April 1995 Law on the Status of those Former USSR Citizens who are not Citizens of Latvia or Any Other State (“Non-citizens”). In the specific context of Latvia, the “Non-citizens” enjoy the right to reside in Latvia ex lege and a set of rights and obligations generally beyond the rights prescribed by the 1954 Convention relating to the Status of Stateless Persons, including protection from removal, and as such the “Non-citizens” may currently be considered persons to whom the Convention does not apply in accordance with Article 1.2(ii).","Стосовно осіб, які підпадають під мандат УВКБ ООН щодо осіб без громадянства, ця цифра включає осіб, які підпадають під дію двох окремих законів Латвії. 160 осіб підпадають під дію Закону Латвійської Республіки про осіб без громадянства від 17 лютого 2004 року. 187 404 особи підпадають під дію Закону Латвії від 25 квітня 1995 року про статус громадян колишнього СРСР, які не є громадянами Латвії чи будь-якої іншої держави («негромадяни»). У конкретному контексті Латвії «негромадяни» користуються правом проживати в Латвії ex lege та низкою прав і обов’язків, які загалом окрім прав, передбачених Конвенцією про статус осіб без громадянства 1954 року, включаючи захист від видворення, і як такі «негромадяни» наразі можуть вважатися особами, до яких Конвенція не застосовується відповідно до статті 1.2(ii)."
2020,Slovakia, ,SVK,,STA,The figure includes 63 stateless persons who held permits to stay in Slovakia according to 2011 census. No updated data on the number of stateless persons was available at the time of reporting.,"Ця цифра включає 63 особи без громадянства, які мали дозвіл на перебування в Словаччині згідно з переписом 2011 року. На момент складання звіту оновлених даних про кількість осіб без громадянства не було."
2024,Kenya, ,KEN,,STA,"The figure is based on an estimate of 18,500 in 2019 by UNHCR with input from stateless communities of whom 1,670 stateless persons of Shona descent were granted Kenyan citizenship in 2020. In 2023, approximately 7,000 individuals from the Pemba community had their nationality confirmed. An official government report on the Pemba registration exercise is yet to be released and statistics will be updated accordingly. As of end-2024, the figure of 9,800 stateless persons in Kenya remains an estimate.","Ця цифра базується на оцінці 18 500 у 2019 році, проведеній УВКБ ООН за участю громад без громадянства, з яких 1670 осіб без громадянства за походженням шона отримали кенійське громадянство у 2020 році. У 2023 році приблизно 7000 осіб із громади Пемба підтвердили своє громадянство. Офіційний урядовий звіт про реєстрацію Pemba ще не оприлюднено, і статистичні дані будуть відповідно оновлені. Станом на кінець 2024 року цифра в 9800 осіб без громадянства в Кенії залишається приблизною."
2024,Kazakhstan, ,KAZ,,REF,"Based on the information reported in the media as well as UNHCR protection monitoring activities, UNHCR estimates there to be 65,500 people of various origins in Kazakhstan who may be in need of international protection.","Ґрунтуючись на інформації, оприлюдненій у засобах масової інформації, а також на моніторингових діях УВКБ ООН щодо захисту, УВКБ ООН вважає, що в Казахстані є 65 500 людей різного походження, які можуть потребувати міжнародного захисту."
2018,Haiti, ,HTI,,STA,Stateless figure refers to individuals without a nationality who were born in the Dominican Republic prior to January 2010 and who were identified by UNHCR in Haiti since June 2015.,"До осіб без громадянства належать особи без громадянства, які народилися в Домініканській Республіці до січня 2010 року та були ідентифіковані УВКБ ООН на Гаїті з червня 2015 року."
2018,Bolivia (Plurinational State of), ,BOL,,ASY,All figures refer to the end of 2016.,Усі цифри стосуються кінця 2016 року.
2024 - 2025,Colombia,Colombia,COL,COL,OOC,"The figure of 516,000 others of concern provided by the Government of Colombia is no longer reported as it reflects a historical caseload for which up-to-date information is not available.","Цифра в 516 000 інших осіб, що викликають занепокоєння, надана урядом Колумбії, більше не повідомляється, оскільки вона відображає історичну кількість справ, для яких актуальна інформація недоступна."
2024 - 2025,Israel, ,ISR,,STA,The number of reported stateless people reflects only those individually known to UNHCR and partners. It does not include an estimate of all stateless people in the country.,"Кількість зареєстрованих осіб без громадянства відображає лише тих, хто особисто відомий УВКБ ООН та партнерам. Він не включає оцінку всіх осіб без громадянства в країні."
2018 - 2019,United States of America, ,USA,,ASY,"Asylum applications which are reported as cases can be multiplied overall by average number of person per case of 1.501 when summarising the data by country of asylum, but not origin.  This is due to the significant variance in the average case size by country of origin.","Прохання про надання притулку, які зареєстровані як випадки, можуть бути помножені на середню кількість осіб на випадок 1,501 при узагальненні даних за країною притулку, але не за походженням.  Це пов’язано зі значними відмінностями в середньому розмірі справ залежно від країни походження."
2019 - 2022, , ,,,"REF,ASY,IDP,STA,OOC,HST,OIP","The data are generally provided by governments, based on their own definitions and methods of data collection.","Дані, як правило, надаються урядами на основі їхніх власних визначень і методів збору даних."
2019,Greece, ,GRC,,STA,Figure based on the 2011 census. Census figures were adjusted to include people registered as stateless by the Ministry of Interior from 2012 to 2019.,"Цифра за переписом 2011 року. Дані перепису були скориговані з урахуванням осіб, зареєстрованих Міністерством внутрішніх справ як особи без громадянства з 2012 по 2019 рік."
2024,Finland, ,FIN,,STA,"With regards to stateless statistics, the figures include: (a) the number of stateless asylum seekers at end-year reported by the Finnish authorities; (b) the number of stateless refugees at year-end based on UNHCR's estimation of refugees in Finland (recognized asylum-seekers over that past 10-years); and (c) the number of non-displaced stateless persons (those with other non-protection related types of permits) based on data from Statistics Finland corresponding to the resident population recorded as ""Stateless"" as of 31 December 2023 (no available data for end-2024 yet), deducting the estimated number of stateless refugees.","Що стосується статистики осіб без громадянства, цифри включають: (a) кількість шукачів притулку без громадянства на кінець року, про яку повідомляє фінська влада; (b) кількість біженців без громадянства на кінець року на основі оцінки УВКБ ООН щодо біженців у Фінляндії (визнаних шукачів притулку за останні 10 років); та (c) кількість непереміщених осіб без громадянства (тих, хто має інші типи дозволів, не пов’язаних із захистом), на основі даних Статистичного управління Фінляндії відповідно до постійного населення, зареєстрованого як «апатриди» станом на 31 грудня 2023 року (ще немає доступних даних на кінець 2024 року), за вирахуванням оціненої кількості біженців без громадянства."
2024 - 2025,Malta, ,MLT,,STA,"With regards to stateless statistics, the figure is based on results from the 2021 Population Census.","Що стосується статистики без громадянства, то цифра базується на результатах перепису населення 2021 року."
2024 - 2025,Namibia, ,NAM,,STA,"The figure of 14,796 is based on data provided by the Namibian government's Director: National Population Register, Identification and Production in 2024. This comprises individuals who identified as stateless or individuals without proof of nationality in a government survey. A further assessment of this population is planned.","Цифра 14 796 базується на даних, наданих Намібійським урядовим директором: Національний реєстр населення, ідентифікація та виробництво у 2024 році. Це включає осіб, які ідентифіковані як особи без громадянства, або особи без підтвердження національності під час державного опитування. Планується подальша оцінка цієї популяції."
2020,Montenegro, ,MNE,,STA,"In November 2017, jointly with the MoI and the MLSW, UNHCR carried out a field verification of all ex-Yugoslav refugees with unresolved status issues, including those at potential risk of statelessness. The field exercise covered 2,318 individuals (including 42% children) in 20 out of 23 municipalities. Based on the verification results, UNHCR reported on at least 145 persons at risk of statelessness and 460 in a statelessness like situation. During 2020 their number decreased to 118 and 349 respectively.","У листопаді 2017 року спільно з МВС та МРСБ УВКБ ООН здійснило польову перевірку всіх біженців з колишньої Югославії з невирішеними питаннями статусу, включно з тими, яким потенційно загрожує особа без громадянства. Польове навчання охопило 2318 осіб (включаючи 42% дітей) у 20 із 23 муніципалітетів. За результатами перевірки УВКБ ООН повідомило про щонайменше 145 осіб, які перебувають у групі ризику безгромадянства, та 460 осіб, які перебувають у ситуації, подібній до безгромадянства. Протягом 2020 року їх кількість зменшилася до 118 і 349 відповідно."
2024, ,Ukraine,,UKR,REF,"Since February 2022, a number of Ukrainians have reached countries beyond Europe, where they are staying under various legal statuses. See UNHCR’s Ukraine Situation Operational Data Portal for up-to date statistics of refugees from Ukraine recorded in Europe and beyond.","З лютого 2022 року низка українців потрапили в країни за межі Європи, де перебувають у різних легальних статусах. Дивіться Портал оперативних даних УВКБ ООН щодо ситуації в Україні, щоб отримати актуальну статистику біженців з України, зареєстровану в Європі та за її межами."
2019,Uzbekistan, ,UZB,,STA,The statelessness figure refers to stateless persons with permanent residence reported by the Government of Uzbekistan in December 2019 under the XII Report on compliance of Uzbekistan with CERD. Information on other categories of statelessness is unavailable.,"Цифра безгромадянства стосується осіб без громадянства з постійним місцем проживання, про яку повідомив Уряд Узбекистану в грудні 2019 року в XII Доповіді про виконання Узбекистаном положень КЛРД. Інформація щодо інших категорій осіб без громадянства відсутня."
2024 - 2025,United Arab Emirates, ,ARE,,STA,"The number of reported stateless people reflects only those registered with (i.e. as refugees), or otherwise individually known to, UNHCR. It does not include an estimate of all stateless people in the country.","Кількість зареєстрованих осіб без громадянства відображає лише тих, хто зареєстрований (тобто як біженці) або іншим чином особисто відомий УВКБ ООН. Він не включає оцінку всіх осіб без громадянства в країні."
2023,Ukraine, ,UKR,,STA,"The numbers reported in Ukraine are an extrapolation of the 2001 census figure of persons who self-declared as not having a nationality. It includes 5,700 persons who are registered as stateless by the Ministry of the Interior of Ukraine.","Цифри, надані в Україні, є екстраполяцією перепису 2001 року осіб, які заявили, що не мають громадянства. До нього входять 5700 осіб, які перебувають на обліку МВС України як особи без громадянства."
2025,Kazakhstan, ,KAZ,,REF,"Based on the information reported in the media as well as UNHCR protection monitoring activities, UNHCR estimates there to be 64,700 people of various origins in Kazakhstan who may be in need of international protection.","Ґрунтуючись на інформації, оприлюдненій у засобах масової інформації, а також на моніторингових діях УВКБ ООН щодо захисту, УВКБ ООН оцінює, що в Казахстані перебувають 64 700 осіб різного походження, які можуть потребувати міжнародного захисту."
2019,Malaysia, ,MYS,,STA,"The total stateless population in Malaysia includes 9,040 non-displaced stateless persons who may be entitled to Malaysian nationality under the law. This number of non-displaced stateless persons is based on a registration and community legal assistance programme undertaken in West Malaysia by a local NGO with technical support from UNHCR, and, among those registered, 930 persons acquired Malaysian nationality in 2019. The total statelessness figure reported also includes 99,292 stateless persons of Rohingya ethnicity who are also counted as refugees or asylum-seekers from Myanmar, mainly from Rakhine State. UNHCR’s statistical reporting generally follows a methodology that reports only one legal status for each person of concern. However, due to the size of the stateless Rohingya population displaced from Myanmar, UNHCR considers it important to reflect the dual status of this population group as both displaced and stateless. This approach is being used for Malaysia for the first time in 2019.","Загальна кількість осіб без громадянства в Малайзії включає 9040 непереміщених осіб без громадянства, які можуть мати право на громадянство Малайзії згідно із законом. Ця кількість непереміщених осіб без громадянства базується на програмі реєстрації та надання правової допомоги громаді, яку проводить у Західній Малайзії місцева НУО за технічної підтримки УВКБ ООН, і серед зареєстрованих 930 осіб отримали громадянство Малайзії у 2019 році. Загальна кількість осіб без громадянства також включає 99 292 особи без громадянства етнічної приналежності до рохінджа, які також вважаються біженцями або шукачами притулку з М'янма, переважно зі штату Ракхайн. Статистична звітність УВКБ ООН, як правило, дотримується методології, яка повідомляє лише про один правовий статус для кожної відповідної особи. Однак через чисельність рохінджа без громадянства, переміщеного з М’янми, УВКБ ООН вважає важливим відобразити подвійний статус цієї групи населення як переміщених осіб, так і осіб без громадянства. Цей підхід вперше використовується для Малайзії у 2019 році."
2019 - 2020,Colombia, ,COL,,OOC,The figure of Others of concern has been provided by the Government of Colombia.,"Уряд Колумбії надав інформацію про інші, що викликають занепокоєння."
2024,Ukraine, ,UKR,,STA,"With regards to stateless statistics, the reduction in reported statelessness figures for 2024 relates to a review of the methodology and use of available up to date data sources. The actual scale of statelessness is, however, undetermined and likely higher owing to the ongoing war, temporary occupation and large-scale forced displacement.","Що стосується статистики осіб без громадянства, зменшення повідомлених цифр безгромадянства за 2024 рік пов’язане з переглядом методології та використанням доступних актуальних джерел даних. Фактичний масштаб безгромадянства, однак, невизначений і, ймовірно, вищий через триваючу війну, тимчасову окупацію та масштабне примусове переміщення."
2021,Indonesia, ,IDN,,STA,"The total statelessness figure reported relates to 641 stateless persons of Rohingya ethnicity who are also counted as refugees or asylum-seekers from Myanmar, mainly from Rakhine State. There are also indications that a potentially sizable population of non-displaced stateless persons exists for whom no data is available.","Загальна кількість осіб без громадянства, про які повідомляється, стосується 641 особи без громадянства етнічної приналежності до рохінджа, які також вважаються біженцями або шукачами притулку з М’янми, переважно зі штату Ракхайн. Також є ознаки того, що існує потенційно значна кількість непереміщених осіб без громадянства, щодо яких немає даних."
"2018, 2020 - 2024", ,State of Palestine,,PSE,"REF,ASY,IDP,STA,OOC,HST,OIP",Refers to Palestinian refugees under the UNHCR mandate only.,Відноситься лише до палестинських біженців під мандатом УВКБ ООН.
2024,Panama, ,PAN,,STA,"Using 2023 census data, the stateless population has been estimated for the first time.","Використовуючи дані перепису 2023 року, вперше оцінено чисельність населення без громадянства."
2024 - 2025,Iran (Islamic Rep. of), ,IRN,,STA,No estimates of the entire stateless population in the Islamic Rep. of Iran is available.,Оцінки щодо всього населення без громадянства в Ісламській Республіці Іран відсутні.
2025,Türkiye, ,TUR,,"REF,ASY","The figures for refugees and asylum-seekers by mid-2025 are based on official data published by the Turkish Government, which reflect the total population under International Protection without a refugee or asylum seeker breakdown, as well as the population under Temporary Protection. As official mid-year figures disaggregating asylum-seekers and refugees are not available, UNHCR utilized available official trends from 2019–2023 to estimate the respective populations of asylum-seekers and refugees under International Protection.","Цифри щодо біженців і шукачів притулку станом на середину 2025 року базуються на офіційних даних, опублікованих турецьким урядом, які відображають загальну кількість населення під міжнародним захистом без розбивки на біженців чи шукачів притулку, а також населення під тимчасовим захистом. Оскільки офіційні дані за середину року з поділом шукачів притулку та біженців недоступні, УВКБ ООН використало доступні офіційні тенденції за 2019–2023 роки для оцінки відповідної кількості шукачів притулку та біженців під міжнародним захистом."
2018 - 2023,Rep. of Moldova, ,MDA,,STA,The figure includes persons determined to be stateless following the statelessness determination procedure and persons with undetermined nationality who hold expired Soviet passports.,"У цю цифру входять особи без громадянства, визначені за процедурою визначення безгромадянства, та особи з невизначеним громадянством, які мають прострочені радянські паспорти."
2024,Greece, ,GRC,,REF,"With regards to refugee statistics, the number of refugees by end 2024 correspond to data on individuals holding active residence permits under refugee status or temporary protection as of December 2024, replacing previous refugee stock estimations conducted by UNHCR.","Що стосується статистики біженців, то кількість біженців на кінець 2024 року відповідає даним щодо осіб, які мають активний дозвіл на проживання в рамках статусу біженця або тимчасового захисту станом на грудень 2024 року, замінивши попередні оцінки кількості біженців, проведені УВКБ ООН."
2024,Spain, ,ESP,,STA,"The figures for stateless individuals in Spain represent the 10,098 individuals recognized through the Spanish statelessness determination procedure, as well as 51 stateless refugees and 15 stateless asylum-seekers. Source: Permanent Observatory on Immigration, Spanish Ministry of Inclusion, Social Security and Migration.","Цифри щодо осіб без громадянства в Іспанії представляють собою 10 098 осіб, визнаних через процедуру визначення безгромадянства в Іспанії, а також 51 біженця без громадянства та 15 осіб без громадянства, які шукають притулку. Джерело: Постійна обсерваторія з імміграції, Міністерство інтеграції, соціального забезпечення та міграції Іспанії."
2025,Spain, ,ESP,,REF,"The number of recognized refugees in Spain is based on data reported by authorities as of ed-2024, adding recognitions during first half of 2025 and deducting recognitions during first half of 2015 (as estimate of decreases), and adding the stock of temporary protection holders by mid-2025","Кількість визнаних біженців в Іспанії базується на даних, наданих органами влади станом на 2024 рік, додаючи визнання протягом першої половини 2025 року та вираховуючи визнання протягом першої половини 2015 року (як оцінка зменшення), а також додаючи кількість власників тимчасового захисту до середини 2025 року"
2019,Montenegro, ,MNE,,STA,"In November 2017, UNHCR jointly with the Ministry of Interior (MoI) and the Ministry of Labour and Social Care carried out a field verification of all ex-Yugoslav refugees with unresolved status issues, including those of undetermined nationality. The field exercise covered 2,318 individuals (including 42% children) in 20 municipalities. The exercise identified 145 persons of undetermined nationality. Following the verification exercise, UNHCR and the MoI formed a working group to jointly assess each case and look for solutions in Montenegro or in the countries of origin.","У листопаді 2017 року УВКБ ООН спільно з Міністерством внутрішніх справ (МВС) і Міністерством праці та соціального захисту провели польову перевірку всіх біженців з колишньої Югославії з невирішеними питаннями статусу, включно з біженцями невизначеної національності. Польові навчання охопили 2318 осіб (включаючи 42% дітей) у 20 муніципалітетах. Під час навчань виявлено 145 осіб невстановленої національності. Після перевірки УВКБ ООН та МВС сформували робочу групу для спільної оцінки кожного випадку та пошуку рішень у Чорногорії або в країнах походження."
2019,Slovakia, ,SVK,,STA,Figure from the 2011 census. It includes 63 stateless persons who held permits to stay in Slovakia at the end of 2011. No updated data on the number of stateless persons was available at the time of reporting.,"Цифра з перепису 2011 року. До нього входять 63 особи без громадянства, які мали дозвіл на перебування в Словаччині наприкінці 2011 року. На момент складання звіту оновлених даних про кількість осіб без громадянства не було."
2018,Nauru, ,NRU,,ASY,Decisions during 2018 are not available.,Рішення протягом 2018 року відсутні.
2022,Monaco, ,MCO,,"REF,ASY,IDP,STA,OOC,HST,OIP",Data is as of end-2019.,Дані станом на кінець 2019 року.
2024,Finland, ,FIN,,REF,"With regards to refugee statistics, official statistics on the size of the refugee population are not available. UNHCR refugee population estimates are based on the cumulative number of recognized asylum-seekers over the past 10 years, plus the reported number of beneficiaries of Temporary Protection in the country by end-2024.","Що стосується статистики біженців, офіційна статистика щодо чисельності біженців недоступна. Оцінки УВКБ ООН щодо кількості біженців базуються на загальній кількості визнаних шукачів притулку за останні 10 років, а також на повідомленій кількості бенефіціарів тимчасового захисту в країні до кінця 2024 року."
2022,Myanmar, ,MMR,,STA,"The estimated figure of persons of concern under the statelessness mandate relates to stateless persons of Rohingya ethnicity in Rakhine State, including stateless Rohingya IDPs in Myanmar. The number of persons of undetermined nationality residing in other states or regions in Myanmar is not currently available. The number of stateless persons remaining in Rakhine State following violence in 2016 and 2017 and large scale departures to Bangladesh is based on detailed estimates for each village tract made by UNHCR, other UN agencies and NGOs in early 2018, which concluded that between 532,000 to 600,000 Rohingya remained in Rakhine State, increasing to 630,000 due to additional displacement in 2022 (including an estimated 156,600 of those Rohingya who have been internally displaced).","Орієнтовна кількість осіб, яких стосується особа без громадянства, стосується осіб без громадянства етнічної приналежності рохінджа в штаті Ракхайн, включаючи ВПО без громадянства рохінджа в М’янмі. Кількість осіб невизначеного громадянства, які проживають в інших штатах або регіонах М’янми, наразі недоступна. Кількість осіб без громадянства, які залишилися в штаті Ракхайн після насильства в 2016 і 2017 роках і великомасштабних виїздів до Бангладеш, ґрунтується на детальних оцінках для кожного сільського масиву, зроблених УВКБ ООН, іншими агентствами ООН і неурядовими організаціями на початку 2018 року, які дійшли висновку, що від 532 000 до 600 000 рохінджа залишилися в штаті Ракхайн, збільшившись до 630 000 через до додаткового переміщення у 2022 році (включаючи, за оцінками, 156 600 рохінджа, які були внутрішньо переміщеними особами)."
2024 - 2025,Cambodia, ,KHM,,STA,The figure is based on an estimate of ethnic Vietnamese persons whose legal identity documents were withdrawn and whose nationality is undetermined.,"Ця цифра базується на оцінці етнічних в’єтнамців, у яких вилучено офіційні документи, що посвідчують особу, і громадянство яких не визначено."
2018,Latvia, ,LVA,,STA,"This figure includes persons of concern who fall under Latvia’s 25 April 1995 Law on the Status of those Former USSR Citizens who are not Citizens of Latvia or Any Other State (“Non-citizens”). In the specific context of Latvia, the “Non-citizens” enjoy the right to reside in Latvia ex lege and a set of rights and obligations generally beyond the rights prescribed by the 1954 Convention relating to the Status of Stateless Persons, including protection from removal, and as such the “Non-citizens” may currently be considered persons to whom the Convention does not apply in accordance with Article 1.2(ii).","Ця цифра включає осіб, які підпадають під дію закону Латвії від 25 квітня 1995 року про статус громадян колишнього СРСР, які не є громадянами Латвії чи будь-якої іншої держави («негромадяни»). У конкретному контексті Латвії «негромадяни» користуються правом проживати в Латвії ex lege та низкою прав і обов’язків, які загалом окрім прав, передбачених Конвенцією про статус осіб без громадянства 1954 року, включаючи захист від видворення, і як такі «негромадяни» наразі можуть вважатися особами, до яких Конвенція не застосовується відповідно до статті 1.2(ii)."
2023,Iran (Islamic Rep. of), ,IRN,,STA,Stateless refugees from Myanmar of Rohingya ethnicity in Iran have been resettled in 2023. No estimates of the entire stateless population in the Islamic Rep. of Iran is available.,Біженці без громадянства з М’янми з етнічної приналежності до рохінджа в Ірані були переселені в 2023 році. Оцінки всього населення без громадянства в Ісламській Республіці Іран відсутні.
2022,Australia, ,AUS,,REF,The methodology for estimating the number of refugees in Australia is under review and subject to adjustment in future reports.,Методологія оцінки кількості біженців в Австралії переглядається та може бути скоригована в наступних звітах.
2023,Brazil, ,BRA,,REF,"Brazil reported 95,800 people in a refugee-like situation, primarily Haitian nationals (87,400), who have been granted a humanitarian residency permit.","Бразилія повідомила про 95 800 осіб у ситуації, подібній до біженців, переважно громадян Гаїті (87 400), які отримали гуманітарний дозвіл на проживання."
2019,Dem. Rep. of the Congo, ,COD,,"IDP,OOC","The figure of IDP returns was released by the ""Commissions de mouvements de population” and covers the period from April 2018 to September 2019.",Дані про повернення ВПО були оприлюднені «Commissions de mouvements de population» і охоплюють період з квітня 2018 року по вересень 2019 року.
2018,Myanmar,Myanmar,MMR,MMR,IDP,"IDP figure in Myanmar includes 120,000 persons in an IDP-like situation.","Цифра внутрішньо переміщених осіб у М’янмі включає 120 000 осіб у ситуації, схожій на ВПО."
2024,Indonesia, ,IDN,,STA,"The total statelessness figure reported relates to 2,642 stateless persons who are also counted as refugees or asylum-seekers. There are indications that a potentially sizable population of non-displaced stateless persons exists for whom no data is available.","Зазначена загальна кількість осіб без громадянства стосується 2642 осіб без громадянства, які також вважаються біженцями або шукачами притулку. Є ознаки того, що існує потенційно значна кількість непереміщених осіб без громадянства, щодо яких немає даних."
2021,Croatia, ,HRV,,STA,Figure from the 2011 census. It includes 21 persons registered as stateless by the Government of Croatia.,"Цифра з перепису 2011 року. До нього входить 21 особа, зареєстрована урядом Хорватії як особи без громадянства."
2021,Turkmenistan, ,TKM,,STA,"In the absence of official data, the figure reported refers to stateless persons and persons with undetermined nationality identified by UNHCR partner organizations in Turkmenistan. The increase in the reported figure is due to the identification of new persons in stateless situations.","За відсутності офіційних даних наведена цифра стосується осіб без громадянства та осіб з невизначеним громадянством, визначених партнерськими організаціями УВКБ ООН у Туркменістані. Зростання зазначеної цифри пов’язане з виявленням нових осіб без громадянства."
2024,Jordan,Iraq,JOR,IRQ,REF,"The refugee population in Jordan includes 25,710 Iraqis registered with UNHCR. The Government of Jordan estimated the number of Iraqis at 400,000 individuals at the end of March 2015. This includes refugees and other categories of Iraqis.","Біженці в Йорданії включають 25 710 іракців, зареєстрованих УВКБ ООН. На кінець березня 2015 року уряд Йорданії оцінив чисельність іракців у 400 000 осіб. Це включає біженців та інші категорії іракців."
2024 - 2025,Albania, ,ALB,,STA,"From various sources such as civil status offices, health institutions, schools, municipal child protection units, and social services, UNHCR estimates the number of people with undetermined nationality (at risk of statelessness) in Albania.","З різних джерел, таких як відділи цивільного стану, заклади охорони здоров’я, школи, муніципальні відділи захисту дітей та соціальні служби, УВКБ ООН оцінює кількість людей з невизначеним громадянством (під загрозою втрати громадянства) в Албанії."
2023,Russian Federation, ,RUS,,STA,"According to the results of the 2020 All-Russia Census finalized at end 2022, some 91,173 persons declared themselves stateless of whom 2,988 persons obtained Russian citizenship in 2023.","За результатами Всеросійського перепису населення 2020 року, завершеного наприкінці 2022 року, близько 91 173 особи оголосили себе без громадянства, з них 2 988 осіб отримали російське громадянство в 2023 році."
2022,Netherlands (Kingdom of the), ,NLD,,REF,The number of refugees will be re-estimated based on the data received from from the government as of start 2022.,"Кількість біженців буде переоцінена на основі даних, отриманих від уряду, починаючи з 2022 року."
2018,Russian Federation, ,RUS,,STA,The statelessness figure refers to the census figure from 2010 adjusted to reflect the number of stateless persons who acquired nationality in 2011-2018.,"Показник безгромадянства стосується даних перепису 2010 року, скоригованих для відображення кількості осіб без громадянства, які отримали громадянство у 2011-2018 роках."
2018, , ,,,REF,"Since 2007, people in refugee-like situations are included in the refugee estimates. Figures as from 2007 are not fully comparable with previous years","З 2007 року люди, які перебувають у ситуаціях, схожих на біженців, включаються в оцінку кількості біженців. Цифри, починаючи з 2007 року, не можна повністю порівняти з попередніми роками"
2025,Spain, ,ESP,,STA,"The figures for stateless individuals in Spain represent the 10,628 individuals recognized through the Spanish statelessness determination procedure, as well as 51 stateless refugees and 15 stateless asylum-seekers. Source: Permanent Observatory on Immigration, Spanish Ministry of Inclusion, Social Security and Migration.","Цифри щодо осіб без громадянства в Іспанії представляють собою 10 628 осіб, визнаних через процедуру визначення безгромадянства в Іспанії, а також 51 біженця без громадянства та 15 осіб без громадянства, які шукають притулку. Джерело: Постійна обсерваторія з імміграції, Міністерство інтеграції, соціального забезпечення та міграції Іспанії."
2024 - 2025,Algeria,Western Sahara,DZA,ESH,REF,"UNHCR uses the number 90,000 to refer to the ‘most vulnerable refugees’ recognizing that assistance figures may need to be calculated differently. Based on an interagency study conducted in 2018, the Inter Sector Working Group, like the host Government, estimates that 173,600 people live in the camps. UN agencies use different points of reference for the population living in the camps. For the purposes of the SRRP, the higher 173,600 number will be used as a planning figure to ensure humanitarian assistance is comprehensive. See https://algeria.un.org/sites/default/files/2024-01/SRRP%20-%20English.pdf.","УВКБ ООН використовує число 90 000 для позначення «найбільш уразливих біженців», усвідомлюючи, що цифри допомоги, можливо, доведеться обчислювати по-іншому. На підставі міжвідомчого дослідження, проведеного у 2018 році, Міжгалузева робоча група, як і уряд приймаючої країни, вважає, що в таборах проживає 173 600 осіб. Агентства ООН використовують різні орієнтири для населення, яке проживає в таборах. Для цілей SRRP більша цифра 173 600 буде використана як планова цифра для забезпечення всебічного характеру гуманітарної допомоги. Див. https://algeria.un.org/sites/default/files/2024-01/SRRP%20-%20English.pdf."
2022 - 2025,Chile, ,CHL,,OIP,The number of other people in need of international protection is estimated from the Regional Refugee and Migrant Response Plan.,"Кількість інших людей, які потребують міжнародного захисту, оцінюється в Регіональному плані реагування на біженців і мігрантів."
2018,United Kingdom of Great Britain and Northern Ireland, ,GBR,,STA,Figure refers to persons who have been recognized as stateless through the statelessness determination procedure in 2013 - 2018.,"Цифра стосується осіб, які були визнані особами без громадянства в порядку визначення безгромадянства у 2013-2018 роках."
2018,Myanmar, ,MMR,,STA,"The figure reported under “Stateless people including displaced Rohingya population from Myanmar”  relates to stateless persons in Rakhine state and persons of undetermined nationality residing in other states in Myanmar. This figure includes stateless IDPs who are also of concern under the statelessness mandate.The number of remaining stateless persons residing in northern Rakhine after the violence of 2016 and 2017 and the large scale departures to Bangladesh was uncertain as no comprehensive data was available and access had been severely constrained. The numbers of remaining Rohingya population in Rakhine State was estimated based on the outcome of a very thorough, village tract by village tract, exercise conducted by UNHCR and the Maungdaw Inter-Agency Group members (a group composed of all UN and NGOs operational in northern Rakhine State) in early 2018. The outcome of this exercise enabled UNHCR to conclude that between 532,000 to 600,000 stateless persons remain in Rakhine State (inclusive of both displaced and non-displaced stateless), among which between 200,000 and 240,000 are in the three northern townships. For the purpose of the UNHCR’s Global Trend Report the higher range of this estimate has been used. Outside of Rakhine state, the figure of those with undetermined nationality (25,939) is based on government data released on 27 December 2016 indicating the number of persons who hold an Identity Card for National Verification, and whose Myanmar citizenship has not yet been confirmed.","Цифра, наведена в розділі «Люди без громадянства, включаючи переміщене населення Рохінджа з М’янми», стосується осіб без громадянства в штаті Ракхайн та осіб невизначеного громадянства, які проживають в інших штатах М’янми. Ця цифра включає ВПО без громадянства, які також викликають занепокоєння згідно з мандатом щодо безгромадянства. Кількість осіб без громадянства, які залишилися проживати на півночі Ракхайну після насильства 2016 і 2017 років і великомасштабних виїздів до Бангладеш, була невизначеною, оскільки не було доступних вичерпних даних і доступ був сильно обмежений. Чисельність рохінджа, що залишилася в штаті Ракхайн, була оцінена на основі результатів дуже ретельного аналізу села за селом, проведеного УВКБ ООН та членами міжвідомчої групи Маунгдо (група, що складається з усіх організацій ООН і НУО, що діють у північному штаті Ракхайн) на початку 2018 року. Результати цього навчання дозволили УВКБ ООН зробити висновок, що між У штаті Ракхайн залишається від 532 000 до 600 000 осіб без громадянства (включаючи як переміщених, так і непереміщених осіб без громадянства), серед яких від 200 000 до 240 000 проживають у трьох північних містечках. Для цілей Звіту про глобальні тенденції УВКБ ООН використовувався вищий діапазон цієї оцінки. За межами штату Ракхайн цифра осіб із невизначеним громадянством (25 939) базується на урядових даних, оприлюднених 27 грудня 2016 року, із зазначенням кількості осіб, які мають посвідчення особи для національної перевірки та чиє громадянство М’янми ще не підтверджено."
2024,Egypt,Sudan,EGY,SDN,ASY,"As of December 2024, 930,000 Sudanese were registered by UNHCR in Egypt as asylum-seekers.The Government of Egypt reported 1.5 million Sudanese people having arrived in the country since the onset of the crisis. See also the Sudan Situation on the Operational Data Portal.","Станом на грудень 2024 року УВКБ ООН зареєструвало 930 000 суданців у Єгипті як шукачів притулку. Уряд Єгипту повідомив про 1,5 мільйона суданців, які прибули до країни з початку кризи. Дивіться також ситуацію в Судані на порталі оперативних даних."
2023,Netherlands (Kingdom of the), ,NLD,,REF,"The number of refugees is based on the data on refugee and temporary protection status holders, as provided by the government.","Кількість біженців базується на наданих урядом даних щодо осіб, які мають статус біженця та тимчасового захисту."
2025,Australia, ,AUS,,STA,"Stateless figures in Australia are sourced from the Government. They consist of figures on stateless persons held in detention and those that have been issued or are in an application process for an “Onshore Humanitarian Visa” and have self-reported to be stateless. Australia does not have a separate statelessness status determination procedure and only provides statistics on humanitarian visas. Due to this, the figure reported here does not capture all stateless persons in Australia and is not an estimate of statelessness in Australia. Figures for stateless persons in detention come from the Australian Government Department of Home Affairs and Australian Border Force report on Immigration Detention and Community Statistics Summary 31 December 2024. As updated data for some stateless populations were not yet available, some of the figures only reflect information received until February 2025.","Особи без громадянства в Австралії надаються урядом. Вони складаються з даних про осіб без громадянства, які утримуються під вартою, і тих, хто отримав або перебуває в процесі подачі заявки на отримання «берегової гуманітарної візи» і які самі повідомили, що є особами без громадянства. В Австралії немає окремої процедури визначення статусу особи без громадянства, і надається лише статистика щодо гуманітарних віз. Через це наведена тут цифра не охоплює всіх осіб без громадянства в Австралії та не є оцінкою безгромадянства в Австралії. Дані щодо осіб без громадянства, які перебувають під вартою, взяті зі звіту Міністерства внутрішніх справ уряду Австралії та Прикордонної служби Австралії про зведення імміграційних затримань і статистики громади від 31 грудня 2024 року. Оскільки оновлені дані щодо деяких осіб без громадянства ще не були доступні, деякі цифри відображають лише інформацію, отриману до лютого 2025 року."
2024,Canada, ,CAN,,REF,End-year stock refers to protected persons who are yet to acquire permanent resident status.,"Запас на кінець року відноситься до захищених осіб, які ще не набули статусу постійного резидента."
2023,Papua New Guinea, ,PNG,,STA,No estimations for the non-displaced stateless population for the country are available.,Оцінки непереміщеного населення без громадянства для країни відсутні.
2024,New Zealand, ,NZL,,REF,"As no government figures for the refugee population in the country is available, UNHCR estimates the number of refugees by assuming that it is the sum of all asylum-seekers recognized during the last ten years on a rolling basis.","Оскільки державні дані щодо кількості біженців у країні відсутні, УВКБ ООН оцінює кількість біженців, припускаючи, що це сума всіх шукачів притулку, визнаних протягом останніх десяти років на постійній основі."
2025,Denmark, ,DNK,,REF,"Since 2024, the number of refugees in Denmark are based on data reported by authorities of persons with valid residence permits for asylum provided by Statistics Denmark as well as temporary protection holders provided by the Danish Immigration Service. The figures replace previous refugee stock estimations conducted by UNHCR.","З 2024 року кількість біженців у Данії базується на даних, наданих органами влади щодо осіб, які мають дійсний дозвіл на проживання для отримання притулку, наданих Статистичним управлінням Данії, а також тих, хто має тимчасовий захист, наданий Імміграційною службою Данії. Цифри замінюють попередні оцінки кількості біженців, проведені УВКБ ООН."
2021 - 2022, , ,,,HST,"Host community refers to a community that hosts large populations of refugees or internally displaced persons, whether in camps, integrated into households, or independently. UNHCR reports on host communities in countries with substantive programmes focusing on sharing the burden of hosting large refugee populations, as set out in the Global Compact on Refugees.","Приймаюча громада означає громаду, яка приймає велику кількість біженців або внутрішньо переміщених осіб у таборах, у сім’ях чи самостійно. УВКБ ООН звітує про приймаючі громади в країнах із суттєвими програмами, спрямованими на розподіл тягаря прийому великих груп біженців, як зазначено в Глобальному договорі про біженців."
2018,Tajikistan, ,TJK,,STA,Figure based on a registration exercise in three regions and 769 people registered as stateless by the Ministry of Internal Affairs of Tajikistan.,"Цифра заснована на реєстрації в трьох регіонах і 769 осіб, зареєстрованих як особи без громадянства Міністерством внутрішніх справ Таджикистану."
2021 - 2025,Dem. Rep. of the Congo, ,COD,,"ASY,REF","The 2014 ministerial declaration that offered Prima Facie refugee status to persons fleeing generalised violence from Central African Republic from January 2013 onwards is no longer applicable. As such, all refugees are assessed on an individual basis by the National Commission for Refugees.","Міністерська декларація 2014 року, яка пропонувала статус біженця Prima Facie особам, які тікали від загального насильства з Центральноафриканської Республіки з січня 2013 року, більше не застосовується. Таким чином, усі біженці оцінюються на індивідуальній основі Національною комісією у справах біженців."
2020,Greece, ,GRC,,STA,Figure based on the 2011 census. Census figures were adjusted to include people registered as stateless by the Ministry of Interior from 2012 to 2020.,"Цифра за переписом 2011 року. Дані перепису були скориговані з урахуванням осіб, зареєстрованих Міністерством внутрішніх справ як особи без громадянства з 2012 по 2020 рік."
2024,Ireland, ,IRL,,STA,"Ireland does not have a Statelessness Determination Procedure. Due to the lack of reliable data on potential cases of statelessness, the extent of statelessness in Ireland cannot be identified accurately. Therefore, the only data about stateless persons included is data pertaining to stateless refugees and stateless asylum seekers at year-end as reported by Irish authorities.","В Ірландії немає процедури визначення особи без громадянства. Через відсутність достовірних даних про потенційні випадки безгромадянства неможливо точно визначити масштаби безгромадянства в Ірландії. Таким чином, єдині дані про осіб без громадянства включені дані, що стосуються біженців без громадянства та шукачів притулку без громадянства на кінець року, як повідомили органи влади Ірландії."
2021 - 2022,Australia, ,AUS,,STA,"Stateless figures in Australia are sourced from the Government. They consist of figures on stateless persons held in detention and those that have been issued or are in an application process for an “Onshore Humanitarian Visa” and have self-reported to be stateless. Australia does not have a separate statelessness status determination procedure and only provides statistics on humanitarian visas. Due to this, the figure reported here does not capture all stateless persons in Australia and is not an estimate of statelessness in Australia. Figures for stateless persons in detention come from the Australian Government Department of Home Affairs and Australian Border Force report on Immigration Detention and Community Statistics Summary 31 January 2022.","Особи без громадянства в Австралії надаються урядом. Вони складаються з даних про осіб без громадянства, які утримуються під вартою, і тих, хто отримав або перебуває в процесі подачі заявки на отримання «берегової гуманітарної візи» і які самі повідомили, що є особами без громадянства. В Австралії немає окремої процедури визначення статусу особи без громадянства, і надається лише статистика щодо гуманітарних віз. Через це наведена тут цифра не охоплює всіх осіб без громадянства в Австралії та не є оцінкою безгромадянства в Австралії. Дані щодо осіб без громадянства, які перебувають під вартою, взято зі звіту Департаменту внутрішніх справ уряду Австралії та Австралійських прикордонних служб про імміграційне затримання та підсумкову статистику громади від 31 січня 2022 року."
2023,Philippines, ,PHL,,STA,"In discussion with the national governments of the Philippines and Indonesia, it was concluded that remaining cases concerning persons of undetermined nationality of Indonesian descent, could be closed . The total statelessness figure reported also includes 10 stateless persons of Rohingya ethnicity who are also counted as refugee or asylum-seeker from Myanmar, mainly from Rakhine State.","У ході обговорення з національними урядами Філіппін та Індонезії було зроблено висновок, що інші справи щодо осіб невизначеного громадянства індонезійського походження можуть бути закриті. Повідомлена загальна кількість осіб без громадянства також включає 10 осіб без громадянства етнічної приналежності рохінджа, які також вважаються біженцями або шукачами притулку з М’янми, переважно зі штату Ракхайн."
2021,Latvia, ,LVA,,STA,"With respect to persons under UNHCR’s statelessness mandate, this figure includes persons of concern covered by two separate Latvian laws. 164 persons fall under the Republic of Latvia’s Law on Stateless Persons on 17 February 2004. 195,190 of the persons fall under Latvia’s 25 April 1995 Law on the Status of those Former USSR Citizens who are not Citizens of Latvia or Any Other State (“Non-citizens”). In the specific context of Latvia, the “Non-citizens” enjoy the right to reside in Latvia ex lege and a set of rights and obligations generally beyond the rights prescribed by the 1954 Convention relating to the Status of Stateless Persons, including protection from removal, and as such the “Non-citizens” may currently be considered persons to whom the Convention does not apply in accordance with Article 1.2(ii).","Стосовно осіб, які підпадають під мандат УВКБ ООН щодо осіб без громадянства, ця цифра включає осіб, які підпадають під дію двох окремих законів Латвії. 164 особи підпадають під дію Закону Латвійської Республіки про осіб без громадянства від 17 лютого 2004 року. 195 190 осіб підпадають під дію Закону Латвії від 25 квітня 1995 року про статус громадян колишнього СРСР, які не є громадянами Латвії чи будь-якої іншої держави («негромадяни»). У конкретному контексті Латвії «негромадяни» користуються правом проживати в Латвії ex lege та низкою прав і обов’язків, які загалом окрім прав, передбачених Конвенцією про статус осіб без громадянства 1954 року, включаючи захист від видворення, і як такі «негромадяни» наразі можуть вважатися особами, до яких Конвенція не застосовується відповідно до статті 1.2(ii)."
2024,Montenegro, ,MNE,,STA,"In November 2017, jointly with the Ministry of the Interior of Montenegro (MoI) and the Ministry of Labor and Social Welfare, UNHCR carried out a field verification of all ex-Yugoslav refugees with unresolved legal status and persons at risk of statelessness, known to UNHCR at that time. The field exercise covered 2,318 individuals (including 42% children) in 20 out of 23 municipalities of Montenegro. Based on the verification results, in 2018 UNHCR reported at least 605 persons at risk of statelessness (145 at risk of statelessness and 460 in a statelessness like situation). In 2024, the number decreased by 60. However, an additional 67 persons at risk of statelessness were later identified, bringing the total to 413 persons at risk of statelessness by the end of 2024. In 2018, Montenegro introduced a formal statelessness determination procedure. By the end of December 2024, 10 persons had been officially recognized as stateless persons through this procedure.","У листопаді 2017 року спільно з Міністерством внутрішніх справ Чорногорії (МВС) та Міністерством праці та соціального забезпечення УВКБ ООН провело польову перевірку всіх біженців з колишньої Югославії з невирішеним правовим статусом та осіб, яким загрожує особа без громадянства, відомих УВКБ ООН на той час. Польове навчання охопило 2318 осіб (включаючи 42% дітей) у 20 із 23 муніципалітетів Чорногорії. За результатами верифікації, у 2018 році УВКБ ООН повідомило про щонайменше 605 осіб, які перебувають у групі ризику безгромадянства (145 у групі ризику без громадянства та 460 у ситуації, подібній до безгромадянства). У 2024 році їх кількість зменшилася на 60. Однак пізніше було ідентифіковано ще 67 осіб, яким загрожує безгромадянства, і до кінця 2024 року загальна кількість осіб, яким загрожує безгромадянства, становила 413. У 2018 році Чорногорія запровадила офіційну процедуру визначення безгромадянства. Станом на кінець грудня 2024 року за цією процедурою особами без громадянства офіційно визнано 10 осіб."
2019 - 2021,Myanmar, ,MMR,,STA,"The estimated figure of persons of concern under the statelessness mandate relates to stateless persons of Rohingya ethnicity in Rakhine State and also includes stateless IDPs in Myanmar. The number of persons of undetermined nationality residing in other states or regions in Myanmar is not currently available. The number of stateless persons remaining in Rakhine State following violence in 2016 and 2017 and large scale departures to Bangladesh is based on detailed estimates for each village tract made by UNHCR, other UN agencies and NGOs in early 2018, which concluded that between 532,000 to 600,000 Rohingya remained in Rakhine State (including an estimated 140,886 of those Rohingya who have been internally displaced). For the purposes of this report, the higher range of this estimate has been used.","Орієнтовна кількість осіб, яких стосується особа без громадянства, стосується осіб без громадянства етнічної приналежності до рохінджа в штаті Ракхайн, а також включає ВПО без громадянства в М’янмі. Кількість осіб невизначеного громадянства, які проживають в інших штатах або регіонах М’янми, наразі недоступна. Кількість осіб без громадянства, які залишилися в штаті Ракхайн після насильства в 2016 і 2017 роках і великомасштабних виїздів до Бангладеш, базується на детальних оцінках для кожного сільського масиву, зроблених УВКБ ООН, іншими агентствами ООН і неурядовими організаціями на початку 2018 року, згідно з якими від 532 000 до 600 000 рохінджа залишилися в штаті Ракхайн (включаючи приблизно 140 886 рохінджа, які були внутрішньо переміщеними особами). Для цілей цього звіту використовувався вищий діапазон цієї оцінки."
2023,Bulgaria, ,BGR,,REF,"No official data on the actual number of refugees residing in Bulgaria is available. The estimate includes 68,300 Ukrainians who received temporary protection, and 29,400 other refugees.","Офіційних даних про фактичну кількість біженців, які проживають у Болгарії, немає. Оцінка включає 68 300 українців, які отримали тимчасовий захист, та 29 400 інших біженців."
2022 - 2025,Argentina, ,ARG,,STA,The figure is reported by the Government.,Цю цифру повідомляє Уряд.
2020,Philippines, ,PHL,,STA,"The updated figure is based on improved information concerning persons of Indonesian descent who have acquired nationality. The total statelessness figure reported also includes 1 stateless person of Rohingya ethnicity who is also counted as refugee or asylum-seeker from Myanmar, mainly from Rakhine State. UNHCR’s statistical reporting generally follows a methodology that reports only one legal status for each person of concern. However, due to the size of the stateless Rohingya population displaced from Myanmar, UNHCR considers it important to reflect the dual status of this population group as both displaced and stateless. This approach is being used for the Philippines for the first time in 2020.","Оновлена ​​цифра базується на покращенні інформації щодо осіб індонезійського походження, які отримали громадянство. Повідомлена загальна кількість осіб без громадянства також включає 1 особу без громадянства етнічної приналежності до рохінджа, яка також вважається біженцем або шукачем притулку з М’янми, переважно зі штату Ракхайн. Статистична звітність УВКБ ООН, як правило, дотримується методології, яка повідомляє лише про один правовий статус для кожної відповідної особи. Однак через чисельність рохінджа без громадянства, переміщеного з М’янми, УВКБ ООН вважає важливим відобразити подвійний статус цієї групи населення як переміщених осіб, так і осіб без громадянства. Цей підхід вперше використовується для Філіппін у 2020 році."
2024,Kyrgyzstan, ,KGZ,,STA,59 persons were naturalized or granted citizenship in 2023. Since December 2021 the data on number of staleless persons is provided by the Government.,У 2023 році натуралізовано чи надано громадянство 59 особам. З грудня 2021 року дані про кількість осіб без старості надає Уряд.
2018 - 2023,Costa Rica, ,CRI,,STA,Figure refers to a population of undetermined nationality.,Цифра стосується населення невизначеної національності.
2019 - 2020,Myanmar, ,MMR,,IDP,"The figures include an estimated 141,000 stateless IDPs who are also of concern under the statelessness mandate.","Ці цифри включають приблизно 141 000 ВПО без громадянства, які також підпадають під занепокоєння згідно з мандатом щодо осіб без громадянства."
2024,Rep. of Moldova, ,MDA,,STA,"With regards to stateless statistics, the figure includes persons determined to be stateless following the statelessness determination procedure and persons with undetermined nationality who hold expired Soviet passports.","Що стосується статистики без громадянства, то ця цифра включає осіб, визнаних такими за процедурою визначення безгромадянства, та осіб з невизначеним громадянством, які мають прострочені радянські паспорти."
2023,Turkmenistan, ,TKM,,REF,"Based on reports from international organizations, UNHCR estimates that there are approximately 3,600 Afghan nationals residing in Turkmenistan who are likely in need of international protection","На основі звітів міжнародних організацій УВКБ ООН вважає, що в Туркменістані проживає приблизно 3600 громадян Афганістану, які, ймовірно, потребують міжнародного захисту."
2024,Australia, ,AUS,,"REF,ASY,IDP,STA,OOC,HST,OIP",All figures are as of mid-2024 apart from statistics on resettlement arrivals and asylum-seekers.,"Усі дані наведені станом на середину 2024 року, за винятком статистики щодо прибулих переселенців та шукачів притулку."
2019,Iraq, ,IRQ,,STA,"Pending a more accurate study into statelessness in Iraq, the estimated reduction of stateless persons in Iraq has been adjusted to reflect the reduction of statelessness in line with Law 26 of 2006, which allows stateless persons to apply for nationality in certain circumstances. The total reduction of 262 (from 47,515 to 47,253) comes from estimates based on various sources.","Очікуючи більш точного дослідження безгромадянства в Іраку, оцінене скорочення осіб без громадянства в Іраку було скориговано, щоб відобразити скорочення безгромадянства відповідно до Закону 26 від 2006 року, який дозволяє особам без громадянства подавати заяву на отримання громадянства за певних обставин. Загальне скорочення на 262 (з 47 515 до 47 253) походить від оцінок, заснованих на різних джерелах."
2024,Norway, ,NOR,,REF,"With regards to refugee statistics, since 2024 the number of refugees is Norway are based on data reported by authorities of persons with valid residence permits for asylum as of 1 January 2024 and increases (e.g. recognitions) or decreases (e.g. refugee status cessation and naturalisations) through the year as reported by authorities. Figures for temporary protection holders in Norway are based on data by Eurostat. The figures replace previous refugee stock estimations conducted by UNHCR.","Що стосується статистики біженців, то з 2024 року кількість біженців у Норвегії ґрунтується на даних, наданих органами влади щодо осіб, які мають дійсний дозвіл на проживання для отримання притулку станом на 1 січня 2024 року, і збільшується (наприклад, визнання) або зменшується (наприклад, припинення статусу біженця та натуралізація) протягом року, як повідомляють органи влади. Цифри щодо тих, хто має тимчасовий захист у Норвегії, базуються на даних Євростату. Цифри замінюють попередні оцінки кількості біженців, проведені УВКБ ООН."
2020 - 2023,Israel, ,ISR,,STA,This figure does not include potentially stateless Bedouin or former USSR citizens who may be stateless.,"Ця цифра не включає потенційних бедуїнів без громадянства або громадян колишнього СРСР, які можуть бути без громадянства."
2024,Philippines, ,PHL,,STA,"The total statelessness figure reported includes 10 stateless persons of Rohingya ethnicity who are also counted as refugee or asylum-seeker from Myanmar, mainly from Rakhine State.","Повідомлена загальна кількість безгромадянства включає 10 осіб без громадянства етнічної приналежності рохінджа, які також вважаються біженцями або шукачами притулку з М’янми, переважно зі штату Ракхайн."
2020,Saudi Arabia, ,SAU,,ASY,"Only those asylum-seekers facing acute or imminent protection risks are registered by UNHCR. In addition, there are some 6,100 other asylum-seekers who were individually assessed, counselled and advised to inform UNHCR of any changes in their situation, which would justify a decision to register them.","УВКБ ООН реєструє лише тих шукачів притулку, яким загрожує гострий або неминучий захист. Крім того, є близько 6100 інших шукачів притулку, які пройшли індивідуальну оцінку, консультації та поради щодо інформування УВКБ ООН про будь-які зміни в їхній ситуації, які б виправдали рішення про їх реєстрацію."
2023,Australia, ,AUS,,REF,"The number of refugees in Australia has been revised using updated data on the number of residence permit holders with refugee status by the end of 2023, as received from the government.","Кількість біженців в Австралії було переглянуто з використанням оновлених даних про кількість власників посвідки на проживання зі статусом біженця на кінець 2023 року, отриманих від уряду."
2023 - 2025,Armenia, ,ARM,,REF,"In the South Caucasus region, 141,900 refugees fled to Armenia with most of them arriving after renewed armed conflict in Karabakh in September 2023.","У регіоні Південного Кавказу 141 900 біженців втекли до Вірменії, більшість з них прибули після відновлення збройного конфлікту в Карабасі у вересні 2023 року."
2025,Montenegro, ,MNE,,REF,"Estimates of the number of Ukrainians in a refugee-like situation in Montenegro are based on entry and exit data to estimate the number of Ukrainians in Montenegro, who did not apply for/acquired TP status, but who arrived to Montenegro after February 2022.","Оцінки кількості українців у ситуації, подібній до біженців у Чорногорії, базуються на даних про в’їзд та виїзд, щоб оцінити кількість українців у Чорногорії, які не подали/отримали статус ТП, але прибули до Чорногорії після лютого 2022 року."
2018,Türkiye,Syrian Arab Rep.,TUR,SYR,REF,Refugee figure for Syrians in Turkey was a Government estimate.,Кількість біженців серед сирійців у Туреччині була оцінкою уряду.
2020,Kyrgyzstan, ,KGZ,,STA,All 18 persons were in the final stages of naturalization or citizenship confirmation formalities.,Усі 18 осіб перебували на останніх етапах натуралізації або підтвердження громадянства.
2018 - 2023,Cabo Verde, ,CPV,,STA,Figure from the 2010 census.,Цифра з перепису 2010 року.
2018,South Africa, ,ZAF,,"REF,ASY,IDP,STA,OOC,HST,OIP",All figures related to mid-2018.,Усі цифри стосуються середини 2018 року.
2022 - 2025,Belgium, ,BEL,,STA,Stateless persons reported by UNHCR correspond to recognized stateless persons who have been granted a residence permit in Belgium and who are therefore registered in the national register. It should be noted that recognized stateless persons who have not been granted a residence permit are not taken into account in figures provided by the Belgian Government.,"Особи без громадянства, про які повідомляє УВКБ ООН, відповідають визнаним особам без громадянства, яким надано дозвіл на проживання в Бельгії та які, таким чином, зареєстровані в національному реєстрі. Слід зазначити, що визнані особи без громадянства, які не отримали дозволу на проживання, не враховуються в цифрах, наданих урядом Бельгії."
2025,Indonesia, ,IDN,,STA,"The total statelessness figure reported relates to 2,566 stateless persons who are also counted as refugees or asylum-seekers. There are indications that a potentially sizable population of non-displaced stateless persons exists for whom no data is available.","Зазначена загальна кількість осіб без громадянства стосується 2566 осіб без громадянства, які також вважаються біженцями або шукачами притулку. Є ознаки того, що існує потенційно значна кількість непереміщених осіб без громадянства, щодо яких немає даних."
2023,Kenya, ,KEN,,STA,"The figure is based on an estimate of 18,500 in 2019 by UNHCR with input from stateless communities of whom 1,670 stateless persons of Shona descent were granted Kenyan citizenship in 2020. In 2022 approximately 7,000 individuals from the Pemba community had their nationality confirmed.","Ця цифра базується на оцінці 18 500 у 2019 році, проведеній УВКБ ООН за участю громад без громадянства, з яких 1670 осіб без громадянства за походженням шона отримали кенійське громадянство у 2020 році. У 2022 році приблизно 7000 осіб із громади Пемба підтвердили своє громадянство."
2021,Slovakia, ,SVK,,STA,The figure is based on the 2021 census.  See: https://www.scitanie.sk/obyvatelia/zakladne-vysledky/struktura-obyvatelstva-podla-statnej-prislusnosti/SR/SK0/SR.,Цифра базується на переписі 2021 року.  Див.: https://www.scitanie.sk/obyvatelia/zakladne-vysledky/struktura-obyvatelstva-podla-statnej-prislusnosti/SR/SK0/SR.
2023,Egypt,Sudan,EGY,SDN,ASY,"As of 31 December 2023, 152,800 Sudanese were registered by UNHCR in Egypt as asylum-seekers. Of this number, 125,600 were new arrivals who had fled the recent conflict, with an additional 222,000 pending registration with UNHCR by year-end. The Government of Egypt reported 370,000 Sudanese people having arrived in the country since the onset of the crisis. See also the Sudan Situation on the Operational Data Portal.","Станом на 31 грудня 2023 року УВКБ ООН зареєструвало 152 800 суданців у Єгипті як шукачів притулку. З цієї кількості 125 600 були новоприбулими, які втекли від нещодавнього конфлікту, а ще 222 000 очікують реєстрації в УВКБ ООН до кінця року. Уряд Єгипту повідомив про 370 000 суданців, які прибули в країну з початку кризи. Дивіться також ситуацію в Судані на порталі оперативних даних."
2025,Colombia, ,COL,,IDP,"The National Victims Registry of Colombia contains the historical accumulated figure of the number of victims of displacement which continues to increase, given that victims continue to be registered in the country. Thus, the total number of persons recognized as victims of displacement (more than 8.7 million), includes the number of IDPs who are subject to attention and/or reparation, i.e. those who meet the requirements to access the measures of attention and reparation established in Colombian Law 1448 (7.1 million). The number of victims of displacement who are deceased, direct victims of forced disappearance and homicide, and other victims who, for various reasons, cannot effectively access these measures, are identified as not being subject to attention or reparation and therefore not included in the figure of 7.1 million. The figure is constantly updated, considering that by legal definition, victims have up to two years to make their declaration and be included in the registry system. See the summary: https://www.unidadvictimas.gov.co/es/registro-unico-de-victimas-ruv/.","Національний реєстр жертв Колумбії містить дані про кількість жертв переміщення, яка продовжує зростати, враховуючи, що жертви продовжують реєструватися в країні. Таким чином, загальна кількість осіб, визнаних жертвами переміщення (понад 8,7 мільйона), включає кількість ВПО, які підлягають догляду та/або відшкодуванню, тобто тих, хто відповідає вимогам щодо доступу до заходів догляду та відшкодування, встановленим колумбійським Законом 1448 (7,1 мільйона). Кількість жертв переміщення, які померли, безпосередніх жертв насильницького зникнення та вбивства, а також інших жертв, які з різних причин не можуть ефективно отримати доступ до цих заходів, визначено як такі, що не підлягають уваги чи відшкодуванню, і тому не включені до цифри 7,1 мільйона. Цифра постійно оновлюється, враховуючи, що за юридичним визначенням жертви мають до двох років, щоб подати декларацію та бути внесеними до системи реєстру. Перегляньте резюме: https://www.unidadvictimas.gov.co/es/registro-unico-de-victimas-ruv/."
2021 - 2022,Greece, ,GRC,,STA,In situ figure based on the 2011 census. Census figures were adjusted to include people registered as stateless by the Ministry of Interior from 2012 to 2021.,"Дані на місці за переписом 2011 року. Дані перепису були скориговані з урахуванням осіб, зареєстрованих Міністерством внутрішніх справ як особи без громадянства з 2012 по 2021 рік."
2021,Montenegro, ,MNE,,STA,"In November 2017, jointly with the MoI and the MLSW, UNHCR carried out a field verification of all ex-Yugoslav refugees with unresolved status issues, including those at potential risk of statelessness. The field exercise covered 2,318 individuals (including 42 per cent children) in 20 out of 23 municipalities. Based on the verification results, UNHCR reported on at least 145 persons at risk of statelessness and 460 in a statelessness like situation.  During 2021 their number increased to 502 as 87 persons were identified as at risk of statelessness and, through a formal statelessness determination procedure introduced in 2018, 4 more persons were recognized as stateless by the Ministry of Interior of Montenegro.  Some 61 persons acquired nationality during the year.","У листопаді 2017 року спільно з МВС та МРСБ УВКБ ООН здійснило польову перевірку всіх біженців з колишньої Югославії з невирішеними питаннями статусу, включно з тими, яким потенційно загрожує особа без громадянства. Польові навчання охопили 2318 осіб (включаючи 42 відсотки дітей) у 20 із 23 муніципалітетів. За результатами перевірки УВКБ ООН повідомило про щонайменше 145 осіб, які перебувають у групі ризику безгромадянства, та 460 осіб, які перебувають у ситуації, подібній до безгромадянства.  Протягом 2021 року їх кількість зросла до 502, оскільки 87 осіб було ідентифіковано як такі, що мають ризик безгромадянства, а через офіційну процедуру визначення безгромадянства, запроваджену у 2018 році, ще 4 особи були визнані особами без громадянства Міністерством внутрішніх справ Чорногорії.  Протягом року громадянство набула 61 особа."
2021,Costa Rica, ,CRI,,ASY,"The number of asylum applications includes 38,278 asylum applications not yet formalized, i.e. individuals with an appointment to complete the application procedure, as well as 11,066 applicants whose cases have been processed but have yet to receive notification of the decision on their asylum applications. The latter relate primarily to cases received prior to 2020. Until end-2020 these were reported under others of concern and have since been re-classified as asylum applications since the 2021 mid-year statistical report.","Кількість прохань про надання притулку включає 38 278 заяв про надання притулку, які ще не оформлені, тобто особи, яким призначено завершення процедури розгляду заяви, а також 11 066 заявників, чиї справи були розглянуті, але ще не отримали повідомлення про рішення щодо їхніх заяв про надання притулку. Останні стосуються в основному справ, отриманих до 2020 року. До кінця 2020 року вони вносилися в розділ «Інші питання, що викликають занепокоєння», а з тих пір після статистичного звіту за півроку 2021 року вони були перекласифіковані як заяви про надання притулку."
2023,Croatia, ,HRV,,STA,"Start-year figure comes from the 2022 census, with changes during the year reflecting updated reporting by the Ministry of the Interior.","Цифра на початку року взята з перепису 2022 року зі змінами протягом року, які відображають оновлені звіти Міністерства внутрішніх справ."
2025,Azerbaijan, ,AZE,,STA,"Since 2023, the number of stateless persons in Azerbaijan is based on government (State Migration Service and the Ministry of Internal Affairs) and UNHCR registers.",З 2023 року кількість осіб без громадянства в Азербайджані базується на державних реєстрах (Державна міграційна служба та Міністерство внутрішніх справ) та УВКБ ООН.
2018, ,Venezuela (Bolivarian Republic of),,VEN,"REF,ASY,IDP,STA,OOC,HST,OIP","Venezuelans displaced abroad refers to persons who have left Venezuela as a result of the deteriorating circumstances inside the country, but who have not applied for asylum in the country in which they are present. As indicated in the Guidance Note on International Protection Considerations for Venezuelans (May 2019), UNHCR considers that the majority of Venezuelan nationals or stateless persons who were habitually resident in Venezuela, are in need of international protection under the criteria contained in the Cartagena Declaration on the basis of threats to their lives, security or freedom resulting from events that are seriously disturbing public order in Venezuela. In line with the Secretary General’s Guidance, UNHCR and IOM have been coordinating closely to respond to the outflow of Venezuelans.","Венесуельці, переміщені за кордон, — це особи, які залишили Венесуелу внаслідок погіршення ситуації всередині країни, але не подали заяву про надання притулку в країні, де вони перебувають. Як зазначено в Інструкції щодо питань міжнародного захисту для венесуельців (травень 2019 р.), УВКБ ООН вважає, що більшість громадян Венесуели або осіб без громадянства, які постійно проживали у Венесуелі, потребують міжнародного захисту згідно з критеріями, викладеними в Картахенській декларації, через загрози їхньому життю, безпеці чи свободі внаслідок подій, які серйозно порушують громадський порядок у країні. Венесуела. Згідно з вказівками Генерального секретаря, УВКБ ООН та МОМ тісно координували свою роботу, щоб реагувати на відтік венесуельців."
2022,Slovakia, ,SVK,,STA,The figure is based on the 2021 census.  See: https://www.scitanie.sk/obyvatelia/zakladne-vysledky/struktura-obyvatelstva-podla-statnej-prislusnosti/SR/SK0/SR,Цифра базується на переписі 2021 року.  Див.: https://www.scitanie.sk/obyvatelia/zakladne-vysledky/struktura-obyvatelstva-podla-statnej-prislusnosti/SR/SK0/SR
"2020 - 2022, 2024 - 2025",Canada, ,CAN,,ASY,"The statistics on asylum-seekers (new applications, re-opened/repeat applications and/or appeal application) and refugees individually recognized in Canada include persons who had their claim assessed before the Refugee Protection Division and the Refugee Appeal Division of the Immigration Refugee Board as well as by the Department of Immigration, Refugees and Citizenship Canada through a Pre-Removal Risk Assessment.","Статистичні дані про шукачів притулку (нові заявки, повторно відкриті/повторні заявки та/або заявки на апеляцію) та біженців, визнаних індивідуально в Канаді, включають осіб, чия заява була розглянута у Відділі захисту біженців та Відділі апеляцій у справах біженців Управління імміграції біженців, а також Департаментом імміграції, біженців та громадянства Канади шляхом оцінки ризику перед виїздом."
2025,Japan, ,JPN,,"REF,ASY",Figures are UNHCR estimates as of end-24.,Цифри є оцінками УВКБ ООН станом на кінець 24 року.
2023,Canada, ,CAN,,ASY,"The statistics on asylum-seekers (new applications, re-opened/repeat applications and/or appeal application) in Canada include persons who had their claim assessed before the Refugee Protection Division and the Refugee Appeal Division of the Immigration Refugee Board as well as by the Department of Immigration, Refugees and Citizenship Canada through a Pre-Removal Risk Assessment.","Статистичні дані про шукачів притулку (нові заявки, повторно відкриті/повторні заявки та/або заявки на апеляцію) у Канаді включають осіб, чия заява була розглянута у Відділі захисту біженців та Відділі апеляцій у справах біженців Управління імміграційних справ біженців, а також у Департаменті імміграції, біженців та громадянства Канади шляхом оцінки ризику перед виїздом."
2019 - 2020, ,Ukraine,,UKR,IDP,The IDP figure has been aligned to the inter-agency methodology as defined in the 2020 Humanitarian Needs Overview. Figure of others of concern relates to persons who have specific protection needs and live in non-government-controlled areas or within 20 km of the contact line in government-controlled areas.,"Показник внутрішньо переміщених осіб узгоджено з міжвідомчою методологією, як визначено в Огляді гуманітарних потреб на 2020 рік. Кількість інших, що викликають занепокоєння, стосується осіб, які потребують особливого захисту та проживають на непідконтрольних уряду територіях або в межах 20 км від лінії зіткнення на підконтрольних уряду територіях."
2025,Rep. of Moldova, ,MDA,,STA,"With regards to stateless statistics, the figure includes persons determined to be stateless following the statelessness determination procedure and persons with undetermined nationality who hold expired Soviet passports. Increase in figures compared to end-2024 is due to updated data received from national authorities.","Що стосується статистики без громадянства, то ця цифра включає осіб, визнаних такими за процедурою визначення безгромадянства, та осіб з невизначеним громадянством, які мають прострочені радянські паспорти. Зростання цифр порівняно з кінцем 2024 року пов’язане з оновленими даними, отриманими від національних органів влади."
2020 - 2021,Dominican Rep., ,DOM,,STA,"UNHCR is currently working with the authorities and other actors to determine the size of the population affected by ruling 168-13 that found an effective nationality solution. Since the adoption of Law 169-14 in May 2014, important steps have been taken by the Dominican Republic to confirm Dominican nationality through the validation of birth certificates of individuals born in the country to two migrant parents before 2007. According to information shared by the Dominican delegation during the 2019 High-Level Segment on Statelessness, approximately 48 per cent of the total Group A population of 61,049 persons had been authorized by the National Electoral Board (JCE) to request their nationality documentation. Additionally, as of December 2020, over 1,830 Group B persons (800 of which were children) – out of the 7,159 approved individuals who had applied to the regularization plan established in Law 169-14 - had submitted applications for naturalization to the Ministry of Interior and of the Police (MIP). Up until December 2020, one naturalization decree had been issued granting Dominican nationality to 749 applicants, all of whom are still pending to receive nationality documentation.","Наразі УВКБ ООН працює з владою та іншими суб’єктами, щоб визначити чисельність населення, яке постраждало від постанови 168-13, яка знайшла ефективне рішення щодо громадянства. З моменту ухвалення Закону 169-14 у травні 2014 року Домініканська Республіка зробила важливі кроки для підтвердження домініканського громадянства шляхом перевірки свідоцтв про народження осіб, які народилися в країні від двох батьків-мігрантів до 2007 року. Згідно з інформацією, наданою делегацією Домінікани під час Сегменту високого рівня з питань безгромадянства у 2019 році, приблизно 48 відсотків загального населення групи А, яке складає 61 049 осіб осіб, які були уповноважені Національною виборчою комісією (JCE) запитувати документи про своє громадянство. Крім того, станом на грудень 2020 року понад 1830 осіб групи B (800 з яких були дітьми) - із 7159 схвалених осіб, які подали заявки на план регулярізації, встановлений Законом 169-14 - подали заяви про натуралізацію до Міністерства внутрішніх справ і поліції (MIP). До грудня 2020 року було видано один указ про натуралізацію, який надав громадянство Домініканської Республіки 749 заявникам, усі вони ще очікують на отримання документів про громадянство."
2025,United Kingdom of Great Britain and Northern Ireland, ,GBR,,REF,Refugees includes people in a refugee-like situation,"До біженців належать люди, які перебувають у ситуації, схожій на біженців"
2020,Australia, ,AUS,,STA,"Stateless figures in Australia are sourced from the Government. They consist of figures on stateless persons held in detention and those that have been issued or are in an application process for an “Onshore Humanitarian Visa” and have self-reported to be stateless. Australia does not have a separate statelessness status determination procedure and only provides statistics on humanitarian visas. Due to this, the figure reported here does not capture all stateless persons in Australia and is not an estimate of statelessness in Australia. Figures for stateless persons in detention come from the Australian Government Department of Home Affairs and Australian Border Force report on Immigration Detention and Community Statistics Summary 31 December 2020.","Особи без громадянства в Австралії надаються урядом. Вони складаються з даних про осіб без громадянства, які утримуються під вартою, і тих, хто отримав або перебуває в процесі подачі заявки на отримання «берегової гуманітарної візи» і які самі повідомили, що є особами без громадянства. В Австралії немає окремої процедури визначення статусу особи без громадянства, і надається лише статистика щодо гуманітарних віз. Через це наведена тут цифра не охоплює всіх осіб без громадянства в Австралії та не є оцінкою безгромадянства в Австралії. Дані щодо осіб без громадянства, які перебувають під вартою, взято зі звіту Департаменту внутрішніх справ уряду Австралії та Австралійських прикордонних служб про імміграційне затримання та підсумкову статистику громади від 31 грудня 2020 року."
2020 - 2022,Tajikistan, ,TJK,,STA,Figure based on a registration exercise in three regions and 842 people registered as stateless by the Ministry of Internal Affairs of Tajikistan.,"Цифра заснована на реєстрації в трьох регіонах і 842 осіб, зареєстрованих як особи без громадянства Міністерством внутрішніх справ Таджикистану."
2018 - 2019,Israel, ,ISR,,STA,The figure does not include potentially stateless Bedouin nor all stateless former USSR citizens.,"Ця цифра не включає бедуїнів, які є потенційними особами без громадянства, і всіх громадян колишнього СРСР без громадянства."
2019 - 2023,Slovenia, ,SVN,,STA,The figure is an estimate based on previous NGO analysis of government data and may not represent the full magnitude of statelessness in Slovenia.,"Ця цифра є оцінкою, яка базується на попередньому аналізі урядових даних неурядовими організаціями та може не відображати повного масштабу безгромадянства в Словенії."
2018,Iraq, ,IRQ,,STA,"Pending a more accurate study into stateless in Iraq, the estimated reduction of stateless persons in Iraq has been adjusted to reflect the reduction of statelessness in line with Law 26 of 2006, which allows stateless persons to apply for nationality in certain circumstances. The total reduction of 115 (from 47,630 to 47,515) comes from estimates based on various sources.","Очікуючи більш точного дослідження осіб без громадянства в Іраку, оцінене скорочення осіб без громадянства в Іраку було скориговано, щоб відобразити скорочення безгромадянства відповідно до Закону 26 від 2006 року, який дозволяє особам без громадянства подавати заяву на отримання громадянства за певних обставин. Загальне скорочення на 115 (з 47 630 до 47 515) походить від оцінок, заснованих на різних джерелах."
2019,United Kingdom of Great Britain and Northern Ireland, ,GBR,,STA,"The UK’s statelessness figures show the number of stateless individuals recognised through the UK's stateless determination procedure since it began in 2013. In previous years, this figure has been calculated by adding all grants of stateless leave which resulted in unavoidable double counting for stateless individuals who were subsequently granted stateless leave after reapplying. The UK Government has now provided data for initial and subsequent grants and subsequent grants have been removed from the previous cumulative figure. As a result the number of individuals granted stateless leave from an initial application between 2013-2018 has been revised down to 109 from 125. In 2019, there were a further 52 initial grants of stateless leave bringing the cumulative total to 161 individuals recognised through the UK's statelessness determination procedure since it began in 2013.","Показники безгромадянства у Великій Британії показують кількість осіб без громадянства, визнаних через процедуру визначення осіб без громадянства у Великій Британії з моменту її початку в 2013 році. У попередні роки ця цифра обчислювалася шляхом додавання всіх дозволів на відпустку без громадянства, що призвело до неминучого подвійного підрахунку для осіб без громадянства, яким згодом було надано відпустку без громадянства після повторної подачі заяви. Уряд Сполученого Королівства тепер надав дані для початкових і наступних грантів, і наступні гранти були вилучені з попереднього сукупного показника. У результаті кількість осіб, яким було надано відпустку без громадянства за початковою заявою в період 2013-2018 років, було переглянуто зі 125 до 109. У 2019 році було надано ще 52 первинні дозволи без громадянства, що призвело до загальної кількості 161 особи, визнаної через процедуру визначення безгромадянства у Великобританії з моменту її початку в 2013 році."
2025,Ukraine, ,UKR,,STA,"The reported statelessness figures for mid-2025 are based on the available and up-to-date data sources. The actual scale of statelessness is, however, undetermined and likely higher owing to the ongoing war, temporary occupation and large-scale forced displacement.","Повідомлені цифри безгромадянства на середину 2025 року базуються на доступних та актуальних джерелах даних. Фактичний масштаб безгромадянства, однак, невизначений і, ймовірно, вищий через триваючу війну, тимчасову окупацію та масштабне примусове переміщення."
2018,South Africa, ,ZAF,,REF,The figure related to the mid of 2018.,Цифра відноситься до середини 2018 року.
2019,India, ,IND,,STA,"The total statelessness figure reported relates to 17,730 stateless persons of Rohingya ethnicity who are also counted as refugees or asylum-seekers from Myanmar, mainly from Rakhine State. UNHCR’s statistical reporting generally follows a methodology that reports only one legal status for each person of concern. However, due to the size of the stateless Rohingya population displaced from Myanmar, UNHCR considers it important to reflect the dual status of this population group as both displaced and stateless. This approach is being used for India for the first time in 2019.","Повідомлена загальна кількість осіб без громадянства стосується 17 730 осіб без громадянства етнічної приналежності до рохінджа, які також вважаються біженцями або шукачами притулку з М’янми, переважно зі штату Ракхайн. Статистична звітність УВКБ ООН, як правило, дотримується методології, яка повідомляє лише про один правовий статус для кожної відповідної особи. Однак через чисельність рохінджа без громадянства, переміщеного з М’янми, УВКБ ООН вважає важливим відобразити подвійний статус цієї групи населення як переміщених осіб, так і осіб без громадянства. Цей підхід вперше використовується для Індії у 2019 році."
2025,Bulgaria, ,BGR,,REF,"No official data on the actual number of refugees residing in Bulgaria is available. The total reported includes 67,725 refugees from Ukraine with valid temporary protection registration and an estimate of 34,875 other refugees.","Офіційних даних про фактичну кількість біженців, які проживають у Болгарії, немає. Загальна кількість повідомлених осіб включає 67 725 біженців з України з дійсною реєстрацією тимчасового захисту та приблизно 34 875 інших біженців."
2022,China, ,CHN,,REF,"The Indo-Chinese population in China is no longer considered as refugees under UNHCR's mandate and has been removed from UNHCR's statistical reporting since June 2022, because they have full access to public services and enjoy the same rights as nationals.","Індокитайське населення в Китаї більше не вважається біженцем згідно з мандатом УВКБ ООН і було вилучено зі статистичної звітності УВКБ ООН з червня 2022 року, оскільки воно має повний доступ до державних послуг і користується такими ж правами, як і громадяни."
2022,Nepal, ,NPL,,STA,"Various studies estimate that a significant number of individuals originally from Nepal lack citizenship certificates. While these individuals originally from Nepal are not all necessarily stateless, UNHCR has been working closely with the Government of Nepal and partners to address this situation. 452 stateless persons of Rohingya ethnicity who are also counted as refugees or asylum-seekers from Myanmar, mainly from Rakhine State, are reported in Nepal.","Згідно з різними дослідженнями, значна кількість вихідців з Непалу не мають сертифікатів про громадянство. Хоча ці особи, родом з Непалу, не обов’язково є особами без громадянства, УВКБ ООН тісно співпрацює з урядом Непалу та партнерами, щоб вирішити цю ситуацію. У Непалі повідомляється про 452 особи без громадянства рохінджа, які також вважаються біженцями або шукачами притулку з М’янми, переважно зі штату Ракхайн."
2024,Sri Lanka, ,LKA,,ASY,"In December 2024, 116 Rohingya that were rescued and disembarked. At an initial interview with UNHCR soon after disembarkation they stated that they departed to Sri Lanka to seek asylum. Given the intention and considering the situation of Rohingya in Myanmar, UNHCR has included them as asylum-seekers. UNHCR has not been able to conduct a formal registration process as UNHCR does not have access to them while they remain in detention.","In December 2024, 116 Rohingya that were rescued and disembarked. At an initial interview with UNHCR soon after disembarkation they stated that they departed to Sri Lanka to seek asylum. Given the intention and considering the situation of Rohingya in Myanmar, UNHCR has included them as asylum-seekers. UNHCR has not been able to conduct a formal registration process as UNHCR does not have access to them while they remain in detention."
2020,Albania, ,ALB,,STA,The statelessness figure refers to a census from 2011 and has been adjusted to reflect the number of persons with undetermined nationality who had their nationality confirmed in 2011- 2020.,"Цифра безгромадянства відноситься до перепису 2011 року та була скоригована для відображення кількості осіб з невизначеним громадянством, які підтвердили своє громадянство в 2011-2020 роках."
2022,Kyrgyzstan, ,KGZ,,STA,68 persons were naturalized or granted citizenship in 2022. Since December 2021 the data on number of staleless persons is provided by the Government.,У 2022 році натуралізовано чи надано громадянство 68 особам. З грудня 2021 року дані про кількість нестабільних осіб надає Уряд.
2019 - 2020,Turkmenistan, ,TKM,,STA,"In the absence of official data, the figure reported refers to stateless persons and persons with undetermined nationality identified by UNHCR partner organizations in Turkmenistan. The decrease in the reporting figure is due to naturalization in Turkmenistan and confirmation of nationality by a third country.","За відсутності офіційних даних наведена цифра стосується осіб без громадянства та осіб з невизначеним громадянством, визначених партнерськими організаціями УВКБ ООН у Туркменістані. Зменшення звітного показника пов'язане з натуралізацією в Туркменістані та підтвердженням громадянства третьою країною."
2018,Ukraine,Ukraine,UKR,UKR,IDP,"IDP figure in Ukraine includes 700,000 people who are in an IDP-like situation.","Цифра ВПО в Україні включає 700 тис. осіб, які перебувають у ситуації, подібній до ВПО."
2019 - 2022, , ,,,"REF,ASY,IDP,STA,OOC,HST,OIP",Small values between zero and five have been rounded to multiples of five. Data on asylum applications and decisions has additionally been rounded for small values between five and 10. Demographic data has been additionally modified so that the data remains additive.,"Невеликі значення від нуля до п’яти були округлені до числа, кратного п’яти. Дані про заявки на надання притулку та рішення були додатково округлені до невеликих значень від п’яти до 10. Демографічні дані були додатково змінені, щоб дані залишалися адитивними."
2023,Sweden, ,SWE,,STA,The decrease in the stateless population in Sweden between 2022 and 2023 is due to de-duplication of figures reported in previous years.,"Зменшення чисельності населення без громадянства у Швеції між 2022 і 2023 роками пов’язане з усуненням дублювання даних, повідомлених за попередні роки."
2023 - 2025,Dominican Rep., ,DOM,,STA,"UNHCR is currently working with the authorities and other actors to determine the size of the population affected by ruling 168-13 that found an effective nationality solution. Since the adoption of Law 169-14 in May 2014, steps have been taken by the Dominican Republic to confirm Dominican nationality through the validation of birth certificates of individuals born in the country to two migrant parents before 2007. According to information shared by the Central Electoral Board (JCE) in 2022, out of the total Group A population of 61,206 persons, approximately 26,200 had obtained their Dominican nationality documentation. Additionally, as of December 2020, over 1,830 persons (800 of which were children) – out of the 7,159 approved individuals who had applied to the regularization plan established in Law 169-14 (Group B)- had submitted applications for naturalization to the Ministry of Interior and of the Police (MIP). Up until December 2023, two naturalization decrees had been issued granting Dominican nationality to 799 applicants, all of whom are still pending to receive nationality documentation.","Наразі УВКБ ООН працює з владою та іншими суб’єктами, щоб визначити чисельність населення, яке постраждало від постанови 168-13, яка знайшла ефективне рішення щодо громадянства. З моменту ухвалення Закону 169-14 у травні 2014 року Домініканська Республіка вжила заходів для підтвердження домініканського громадянства шляхом перевірки свідоцтв про народження осіб, які народилися в країні від двох батьків-мігрантів до 2007 року. Згідно з інформацією, наданою Центральною виборчою комісією (JCE) у 2022 році, із загального населення групи А, яке налічує 61 206 осіб, приблизно 26 200 отримали своє Документи домініканського громадянства. Крім того, станом на грудень 2020 року понад 1830 осіб (800 з яких були дітьми) - із 7159 схвалених осіб, які подали заявки на план регулярізації, встановлений Законом 169-14 (група B) - подали заяви про натуралізацію до Міністерства внутрішніх справ і поліції (MIP). До грудня 2023 року було видано два укази про натуралізацію, які надали громадянство Домініканської Республіки 799 заявникам, усі вони ще очікують на отримання документів про громадянство."
2023,Finland, ,FIN,,STA,The decrease in the stateless population in Finland between 2022 and 2023 is due to de-duplication of figures reported in previous years.,"Зменшення чисельності осіб без громадянства у Фінляндії між 2022 і 2023 роками пов’язано з усуненням дублювання даних, повідомлених за попередні роки."
2019,Bangladesh, ,BGD,,"REF,STA","The figure reported includes 854,704 stateless persons of Rohingya ethnicity who are also counted as refugees from Myanmar, mainly from Rakhine State. UNHCR’s statistical reporting generally follows a methodology that reports only one legal status for each person of concern. However, due to the size of the stateless Rohingya population displaced from Myanmar, UNHCR considers it important to reflect the dual status of this population group as both displaced and stateless. This approach has been used for Bangladesh since 2017.","Повідомлена цифра включає 854 704 особи без громадянства рохінджа, які також вважаються біженцями з М’янми, переважно зі штату Ракхайн. Статистична звітність УВКБ ООН, як правило, дотримується методології, яка повідомляє лише про один правовий статус для кожної відповідної особи. Однак через чисельність рохінджа без громадянства, переміщеного з М’янми, УВКБ ООН вважає важливим відобразити подвійний статус цієї групи населення як переміщених осіб, так і осіб без громадянства. Цей підхід використовується для Бангладеш з 2017 року."
2018, ,Croatia,,HRV,REF,UNHCR has recommended on 4 April 2014 to start the process of cessation of refugee status for refugees from Croatia displaced during the 1991-95 conflict. The Office recommended that cessation enters into effect latest by the end of 2017.,"4 квітня 2014 року УВКБ ООН рекомендувало розпочати процес припинення статусу біженця для біженців з Хорватії, переміщених під час конфлікту 1991-95 років. Офіс рекомендував, щоб припинення набуло чинності не пізніше кінця 2017 року."
2025,Latvia, ,LVA,,STA,"With respect to persons under UNHCR’s statelessness mandate, this figure includes persons of concern covered by two separate Latvian laws. 159 persons fall under the Republic of Latvia’s Law on Stateless Persons on 17 February 2004. 170,463 of the persons fall under Latvia’s 25 April 1995 Law on the Status of those Former USSR Citizens who are not Citizens of Latvia or Any Other State (“Non-citizens”). In the specific context of Latvia, the “Non-citizens” enjoy the right to reside in Latvia ex lege and a set of rights and obligations generally beyond the rights prescribed by the 1954 Convention relating to the Status of Stateless Persons, including protection from removal, and as such the “Non-citizens” may currently be considered persons to whom the Convention does not apply in accordance with Article 1.2(ii).","Стосовно осіб, які підпадають під мандат УВКБ ООН щодо осіб без громадянства, ця цифра включає осіб, які підпадають під дію двох окремих законів Латвії. 159 осіб підпадають під дію Закону Латвійської Республіки про осіб без громадянства від 17 лютого 2004 року. 170 463 особи підпадають під дію Закону Латвії від 25 квітня 1995 року про статус громадян колишнього СРСР, які не є громадянами Латвії чи іншої держави («негромадяни»). У конкретному контексті Латвії «негромадяни» користуються правом проживати в Латвії ex lege та низкою прав і обов’язків, які загалом окрім прав, передбачених Конвенцією про статус осіб без громадянства 1954 року, включаючи захист від видворення, і як такі «негромадяни» наразі можуть вважатися особами, до яких Конвенція не застосовується відповідно до статті 1.2(ii)."
2019,Dominican Rep., ,DOM,,STA,"UNHCR is currently working with the authorities and other actors to determine the size of the population that found an effective nationality solution under Law 169-14. Since the adoption of Law 169-14 in May 2014, important steps have been taken by the Dominican Republic to confirm Dominican nationality through the validation of birth certificates of individuals born in the country to two migrant parents before 2007. According to information shared by the Dominican delegation during the 2019 High Level Segment on Statelessness, approximately 48% of the total Group A population of 61,049 persons had been authorized by the National Electoral Board (JCE) to request their nationality documentation. Additionally, as of December 2019, over 1,700 Group B persons (900 of which were children) had submitted applications for naturalization to the Ministry of Interior and of the Police (MIP). However, no naturalization decisions concerning this population have been issued to date.","Наразі УВКБ ООН працює з владою та іншими суб’єктами, щоб визначити чисельність населення, яке знайшло ефективне рішення щодо громадянства відповідно до Закону 169-14. З моменту ухвалення Закону 169-14 у травні 2014 року Домініканська Республіка зробила важливі кроки для підтвердження домініканського громадянства шляхом перевірки свідоцтв про народження осіб, які народилися в країні від двох батьків-мігрантів до 2007 року. Згідно з інформацією, наданою делегацією Домінікани під час Сегменту високого рівня з питань безгромадянства у 2019 році, приблизно 48% із загального населення групи А, яке нараховує 61 049 осіб, було переселено. уповноважені Національною виборчою комісією (JCE) запитувати документи про національність. Крім того, станом на грудень 2019 року понад 1700 осіб групи B (900 з яких були дітьми) подали заяви про натуралізацію до Міністерства внутрішніх справ і поліції (MIP). Однак жодних рішень щодо натуралізації щодо цієї групи населення на сьогодні не було видано."
2024,Italy, ,ITA,,REF,"The number of refugees was rebased using updated data on the number of residence permit holder with refugee status and temporary protection holders by the end of 2023, available from Eurostat.","Кількість біженців було перераховано з використанням оновлених даних щодо кількості власників посвідки на проживання зі статусом біженця та тих, хто отримав тимчасовий захист на кінець 2023 року, доступних від Євростату."
2022,India, ,IND,,STA,"The total statelessness figure reported relates to 21,591 stateless persons of Rohingya ethnicity who are also counted as refugees or asylum-seekers from Myanmar, mainly from Rakhine State. The reported figure does not represent an estimate of the entire stateless population.","Повідомлена загальна кількість безгромадянства стосується 21 591 особи без громадянства етнічної приналежності рохінджа, які також вважаються біженцями або шукачами притулку з М’янми, переважно зі штату Ракхайн. Повідомлена цифра не є оцінкою всього населення без громадянства."
2022,United Kingdom of Great Britain and Northern Ireland, ,GBR,,STA,"The UK’s stateless figures show the number of stateless individuals recognised through the UK's stateless determination procedure since it began in 2013. In previous years, this figure has been calculated by adding all grants of stateless leave. This resulted in unavoidable double counting for stateless individuals who were applying for further statelessness leave after the expiry of their initial grant of leave. The UK Government has now provided data for initial and subsequent grants. The subsequent grants have therefore been removed from the previous cumulative figure between 2013 - 2018. Since 2019, the cumulative figure now only includes initial grants of leave following individuals’ recognition as stateless. At the end of 2022, the total number of individuals recognised under UK’s statelessness determination procedure is 319. UNHCR further provides the number of asylum-seekers and refugees whose nationality has been recorded as ‘stateless’ as part of the asylum process. For this group there has been no formal determination that they are stateless.","Показники безгромадянства у Великій Британії показують кількість осіб без громадянства, визнаних за допомогою процедури визначення осіб без громадянства у Великій Британії з моменту її початку в 2013 році. У попередні роки цю цифру обчислювали шляхом додавання всіх дозволів на відпустку без громадянства. Це призвело до неминучого подвійного підрахунку для осіб без громадянства, які подали заяву на подальшу відпустку без громадянства після закінчення терміну їх початкової відпустки. Уряд Великобританії надав дані для початкових і наступних грантів. Таким чином, наступні субсидії були вилучені з попередньої сукупної цифри за 2013–2018 роки. З 2019 року сукупна цифра тепер включає лише початкові гранти на відпустку після визнання осіб особами без громадянства. На кінець 2022 року загальна кількість осіб, визнаних відповідно до процедури визначення безгромадянства у Великій Британії, становила 319. Крім того, УВКБ ООН надає інформацію про кількість шукачів притулку та біженців, громадянство яких було зареєстровано як «апатриди» в рамках процесу отримання притулку. Для цієї групи не було офіційного визначення того, що вони є особами без громадянства."
2025,India, ,IND,,STA,"The total statelessness figure reported relates to 23,253 stateless persons of Rohingya ethnicity who are also counted as refugees or asylum-seekers from Myanmar, mainly from Rakhine State. The reported figure does not represent an estimate of the entire stateless population.","Загальна кількість осіб без громадянства, про які повідомляється, стосується 23 253 осіб без громадянства етнічної приналежності рохінджа, які також вважаються біженцями або шукачами притулку з М’янми, переважно зі штату Ракхайн. Повідомлена цифра не є оцінкою всього населення без громадянства."
2025,Turkmenistan, ,TKM,,STA,"In October 2024, the Government of Turkmenistan announced the resolution of all known cases of statelessness in the country, following the naturalization of a final group of 1,146 stateless people in September 2024. In February 2025, the Government reported that, as of 31 December 2024, there were no remaining stateless people in Turkmenistan. Since 2017, UNHCR has relied on figures reported by its partner organizations, as official statistical data was not made available by the authorities. In 2023, UNHCR partners launched a verification exercise to cross-check their database on stateless persons and those with undetermined nationality. This process continued in 2024 and confirmed the Government’s report. As part of the exercise, individuals were contacted to verify their current legal status. The findings showed that many had been naturalized in recent years, some had confirmed foreign nationality, and others had passed away. This verification exercise, combined with the official information provided by the Government, confirms that there are now zero officially registered stateless people in Turkmenistan.","У жовтні 2024 року уряд Туркменістану оголосив про вирішення всіх відомих випадків безгромадянства в країні після натуралізації останньої групи з 1146 осіб без громадянства у вересні 2024 року. У лютому 2025 року уряд повідомив, що станом на 31 грудня 2024 року в Туркменістані не залишилося осіб без громадянства. З 2017 року УВКБ ООН покладається на цифри, надані його партнерськими організаціями, оскільки офіційні статистичні дані не були доступні владою. У 2023 році партнери УВКБ ООН запустили перевірку для перехресної перевірки своєї бази даних щодо осіб без громадянства та осіб з невизначеним громадянством. Цей процес продовжився у 2024 році та підтвердив звіт Уряду. У рамках навчань з особами зв’язалися для перевірки їх правового статусу. Висновки показали, що багато з них були натуралізовані за останні роки, деякі підтвердили іноземне громадянство, а інші померли. Ця перевірка в поєднанні з офіційною інформацією, наданою урядом, підтверджує, що зараз у Туркменістані немає офіційно зареєстрованих осіб без громадянства."
2022,Costa Rica, ,CRI,,ASY,"In 2022, Nicaraguans and Venezuelans (only October to December) started their applications by obtaining an appointment to formalize their asylum claim. The appointment process for Nicaraguans and Venezuelans ended in December 2022.","У 2022 році нікарагуанці та венесуельці (тільки з жовтня по грудень) почали подавати заявки, записавшись на прийом для офіційного оформлення своєї заяви про надання притулку. Процес призначення для нікарагуанців і венесуельців завершився в грудні 2022 року."
2024,Pakistan, ,PAK,,"REF,ASY,IDP,STA,OOC,HST,OIP","In Pakistan, the verification of the number of new arrivals from Afghanistan concluded in 2024. Due to the inactivation of substantive numbers of absentees, this resulted in an overall reduction of 190,200 Afghans reported in the country and an increase of 108,300 Afghans being registered as asylum-seekers. At the same time, 143,900 formerly unregistered family members of registered refugees, that were previously reported as people in a refugee-like situation, are now included as refugees, in line with the upcoming 2025-2027 multi-year strategy for Afghans.","У Пакистані перевірка кількості нових прибулих з Афганістану завершилася в 2024 році. Через деактивацію значної кількості відсутніх це призвело до загального скорочення на 190 200 афганців, зареєстрованих у країні, і збільшення на 108 300 афганців, зареєстрованих як шукачі притулку. У той же час 143 900 раніше незареєстрованих членів сімей зареєстрованих біженців, про яких раніше повідомлялося як про людей, які перебувають у ситуації, схожій на біженців, тепер включені до біженців відповідно до майбутньої багаторічної стратегії для афганців на 2025-2027 роки."
2024,United States of America, ,USA,,"REF,ASY,IDP,STA,OOC,HST,OIP","All statistics reported by the United States of America apart from resettlement arrivals are as of mid-2024. Hence, the data of new applications and decisions only include the period between January and June 2024, and the number of pending applications is as of 30 June 2024. The full year statistics for each of these are likely to be higher.","Усі статистичні дані, надані Сполученими Штатами Америки, окрім прибулих переселенців, наведені станом на середину 2024 року. Отже, дані про нові заявки та рішення включають лише період між січнем і червнем 2024 року, а кількість заявок, що знаходяться на розгляді, наведено станом на 30 червня 2024 року. Статистика за весь рік для кожної з них, імовірно, буде вищою."
2018,Bolivia (Plurinational State of), ,BOL,,"REF,ASY,IDP,STA,OOC,HST,OIP",All figures relate to the end of 2016.,Усі цифри стосуються кінця 2016 року.
2022,United States of America, ,USA,,"REF,ASY,IDP,STA,OOC,HST,OIP","The United States of America has also offered temporary status in certain circumstances to people in need of international protection. For example, in 2022, a significant number of Ukrainians and their immediate family members were given temporary protection on a humanitarian basis in the United States. UNHCR is in discussions with the U.S. government about how to best reflect such datapoints for all relevant populations in future reporting cycles.","Сполучені Штати Америки також запропонували тимчасовий статус за певних обставин людям, які потребують міжнародного захисту. Наприклад, у 2022 році значна кількість українців та їхніх найближчих родичів отримали тимчасовий захист на гуманітарних засадах у США. УВКБ ООН обговорює з урядом США спосіб найкращого відображення таких даних для всіх відповідних груп у майбутніх циклах звітності."
2019 - 2022,Poland, ,POL,,STA,"There is no official data on statelessness in Poland. The reported figure refers to the number of stateless persons holding a personal identification number issued by the Government, which does not cover all stateless people in the country.","Офіційних даних щодо осіб без громадянства в Польщі немає. Повідомлена цифра стосується кількості осіб без громадянства, які мають персональний ідентифікаційний номер, виданий урядом, який не охоплює всіх осіб без громадянства в країні."
2022 - 2023,Czechia, ,CZE,,STA,In situ figure based on the 2011 census.,Дані на місці за переписом 2011 року.
2022,Croatia, ,HRV,,STA,Figure from the 2022 census.,Цифра з перепису 2022 року.
2019,Türkiye, ,TUR,,REF,Refugee figure is a Government estimate.,Кількість біженців – оцінка уряду.
2022,Jordan, ,JOR,,REF,"The refugee population in Jordan includes 31,000 Iraqis registered with UNHCR. The Government of Jordan estimated the number of Iraqis at 400,000 individuals at the end of March 2015. This includes refugees and other categories of Iraqis.","Біженці в Йорданії включають 31 000 іракців, зареєстрованих УВКБ ООН. На кінець березня 2015 року уряд Йорданії оцінив чисельність іракців у 400 000 осіб. Це включає біженців та інші категорії іракців."
2018 - 2019,Italy, ,ITA,,STA,Figure from the National Institute of Statistics (ISTAT).,Дані Національного інституту статистики (ISTAT).
2023,Canada, ,CAN,,REF,"Naturalization figures refer to the admission of protected persons as permanent residents of Canada. End-year stock refers to protected persons who are yet to acquire permanent resident status. The statistics on refugees individually recognized in Canada include persons who had their claim assessed before the Refugee Protection Division and the Refugee Appeal Division of the Immigration Refugee Board as well as by the Department of Immigration, Refugees and Citizenship Canada through a Pre-Removal Risk Assessment.","Цифри натуралізації стосуються допуску осіб, які перебувають під захистом, як постійних жителів Канади. Запас на кінець року відноситься до захищених осіб, які ще не набули статусу постійного резидента. Статистичні дані про біженців, визнаних індивідуально в Канаді, включають осіб, чия заява була розглянута у Відділі захисту біженців і Відділі апеляцій у справах біженців Управління у справах імміграційних біженців, а також у Департаменті імміграції, біженців і громадянства Канади шляхом оцінки ризику перед виїздом."
2019,Indonesia, ,IDN,,STA,"The total statelessness figure reported relates to 582 stateless persons of Rohingya ethnicity who are also counted as refugees or asylum-seekers from Myanmar, mainly from Rakhine State. UNHCR’s statistical reporting generally follows a methodology that reports only one legal status for each person of concern. However, due to the size of the stateless Rohingya population displaced from Myanmar, UNHCR considers it important to reflect the dual status of this population group as both displaced and stateless. This approach is being used for Indonesia for the first time in 2019. There are also indications that a potentially sizable population of non-displaced stateless persons exists for whom no data is available.","Загальна кількість осіб без громадянства, про які повідомляється, стосується 582 осіб без громадянства етнічної приналежності рохінджа, які також вважаються біженцями або шукачами притулку з М’янми, переважно зі штату Ракхайн. Статистична звітність УВКБ ООН, як правило, дотримується методології, яка повідомляє лише про один правовий статус для кожної відповідної особи. Однак через чисельність рохінджа без громадянства, переміщеного з М’янми, УВКБ ООН вважає важливим відобразити подвійний статус цієї групи населення як переміщених осіб, так і осіб без громадянства. Цей підхід вперше використовується для Індонезії в 2019 році. Є також ознаки того, що існує потенційно значна кількість непереміщених осіб без громадянства, щодо яких немає даних."
2022,Bolivia (Plurinational State of), ,BOL,,REF,Data for the number of refugees is as of mid-2022.,Дані щодо кількості біженців наведено станом на середину 2022 року.
2021 - 2022,Malaysia, ,MYS,,STA,"The total stateless population in Malaysia includes 9,040 non-displaced stateless persons who may be entitled to Malaysian nationality under the law. This number of non-displaced stateless persons is based on a registration and community legal assistance programme undertaken in West Malaysia by a local NGO with technical support from UNHCR. The total statelessness figure reported also includes 103,380 stateless persons of Rohingya ethnicity who are also counted as refugees or asylum-seekers from Myanmar, mainly from Rakhine State.","Загальна кількість осіб без громадянства в Малайзії включає 9040 непереміщених осіб без громадянства, які можуть мати право на громадянство Малайзії згідно із законом. Ця кількість непереміщених осіб без громадянства базується на програмі реєстрації та надання правової допомоги громаді, яку в Західній Малайзії проводить місцева НУО за технічної підтримки УВКБ ООН. Загальна кількість осіб без громадянства також включає 103 380 осіб без громадянства етнічної приналежності рохінджа, які також вважаються біженцями або шукачами притулку з М’янми, переважно зі штату Ракхайн."
2019 - 2020,Colombia, ,COL,,IDP,Figure is based on the total cumulative figure from the Victim’s Registry which commenced in 1985 (https://www.unidadvictimas.gov.co/en).,"Цифра базується на загальній сукупній цифрі з Реєстру потерпілих, який розпочався в 1985 році (https://www.unidadvictimas.gov.co/en)."
2025,Myanmar, ,MMR,,STA,"The estimated figure of persons of concern under the statelessness mandate relates to stateless persons of Rohingya ethnicity in Rakhine State, including stateless Rohingya IDPs in Myanmar. The number of persons of undetermined nationality residing in other states or regions in Myanmar is not currently available. The number of stateless people remaining in Rakhine State following violence in 2016 and 2017 and large scale departures to Bangladesh is based on detailed estimates for each village tract made by UNHCR, other UN agencies and NGOs in early 2018, which concluded that between 532,000 to 600,000 Rohingya remained in Rakhine State, increasing to 550,500 due to additional displacement (including an estimated 253,500 of those Rohingya who have been internally displaced).","Орієнтовна кількість осіб, яких стосується особа без громадянства, стосується осіб без громадянства етнічної приналежності рохінджа в штаті Ракхайн, включаючи ВПО без громадянства рохінджа в М’янмі. Кількість осіб невизначеного громадянства, які проживають в інших штатах або регіонах М’янми, наразі недоступна. Кількість людей без громадянства, які залишилися в штаті Ракхайн після насильства в 2016 і 2017 роках і великомасштабних виїздів до Бангладеш, базується на детальних оцінках для кожного сільського масиву, зроблених УВКБ ООН, іншими агентствами ООН і неурядовими організаціями на початку 2018 року, які дійшли висновку, що від 532 000 до 600 000 рохінджа залишилися в штаті Ракхайн, збільшившись до 550 500 через до додаткового переміщення (включаючи приблизно 253 500 рохінджа, які були внутрішньо переміщеними особами)."
2018, , ,,,"STA,OOC",Persons under UNHCR’s statelessness mandate were included in the category “Others of concern” until 2003.,"До 2003 року особи, які перебувають під мандатом УВКБ ООН у справах без громадянства, входили до категорії «Інші питання, що викликають занепокоєння»."
2023,Kyrgyzstan, ,KGZ,,REF,"Based on new arrivals information in the report of international organizations and UNHCR protection monitoring activities, UNHCR estimates there to be 27,540 people of various origins in Kyrgyzstan who may be in need of international protection.","На основі інформації про нових прибулих у звіті міжнародних організацій і діяльності УВКБ ООН з моніторингу захисту, УВКБ ООН вважає, що в Киргизстані перебуває 27 540 осіб різного походження, які можуть потребувати міжнародного захисту."
2021,Ukraine, ,UKR,,IDP,"The IDP figure has been aligned to the inter-agency methodology as defined in the 2022 Humanitarian Needs Overview, including an area-based improvement of the estimation of people displaced in government-controlled areas. The others of concern figure relates to persons who have specific protection needs and live in non-government-controlled areas.","Показник внутрішньо переміщених осіб було узгоджено з міжвідомчою методологією, як визначено в Огляді гуманітарних потреб на 2022 рік, включаючи покращення оцінки людей, переміщених на підконтрольних уряду територіях, за територією. Інша цифра, що викликає занепокоєння, стосується осіб, які потребують особливого захисту та проживають на непідконтрольних уряду територіях."
2021,Jordan, ,JOR,,REF,"The refugee population in Jordan includes 34,200 Iraqis registered with UNHCR. The Government of Jordan estimated the number of Iraqis at 400,000 individuals at the end of March 2015. This includes refugees and other categories of Iraqis.","Біженці в Йорданії включають 34 200 іракців, зареєстрованих УВКБ ООН. На кінець березня 2015 року уряд Йорданії оцінив чисельність іракців у 400 000 осіб. Це включає біженців та інші категорії іракців."
2019,Dominican Rep., ,DOM,,"REF,ASY,IDP,STA,OOC,HST,OIP","UNHCR is currently working with the authorities and other actors to determine the size of the population that found an effective nationality solution under Law 169-14. Since the adoption of Law 169-14 in May 2014, important steps have been taken by the Dominican Republic to confirm Dominican nationality through the validation of birth certificates of individuals born in the country to two migrant parents before 2007. According to information shared by the Dominican delegation during the 2019 High-Level Segment on Statelessness, approximately 48 per cent of the total Group A population of 61,049 persons had been authorized by the National Electoral Board (JCE) to request their nationality documentation. Additionally, as of December 2019, over 1,700 Group B persons (900 of which were children) had submitted applications for naturalization to the Ministry of Interior and of the Police (MIP). However, no naturalization decisions concerning this population have been issued to date.","Наразі УВКБ ООН працює з владою та іншими суб’єктами, щоб визначити чисельність населення, яке знайшло ефективне рішення щодо громадянства відповідно до Закону 169-14. З моменту ухвалення Закону 169-14 у травні 2014 року Домініканська Республіка зробила важливі кроки для підтвердження домініканського громадянства шляхом перевірки свідоцтв про народження осіб, які народилися в країні від двох батьків-мігрантів до 2007 року. Згідно з інформацією, наданою делегацією Домінікани під час Сегменту високого рівня з питань безгромадянства у 2019 році, приблизно 48 відсотків загального населення групи А, яке складає 61 049 осіб осіб, які були уповноважені Національною виборчою комісією (JCE) запитувати документи про своє громадянство. Крім того, станом на грудень 2019 року понад 1700 осіб групи B (900 з яких були дітьми) подали заяви про натуралізацію до Міністерства внутрішніх справ і поліції (MIP). Однак жодних рішень щодо натуралізації щодо цієї групи населення на сьогодні не було видано."
2024,Nepal, ,NPL,,STA,"Various studies estimate that a significant number of individuals originally from Nepal lack citizenship certificates. While these individuals originally from Nepal are not all necessarily stateless, UNHCR has been working closely with the Government of Nepal and partners to address this situation. 467 stateless persons of Rohingya ethnicity who are also counted as refugees or asylum-seekers from Myanmar, mainly from Rakhine State, are reported in Nepal.","Згідно з різними дослідженнями, значна кількість вихідців з Непалу не мають сертифікатів про громадянство. Хоча ці особи, родом з Непалу, не обов’язково є особами без громадянства, УВКБ ООН тісно співпрацює з урядом Непалу та партнерами, щоб вирішити цю ситуацію. У Непалі повідомляється про 467 осіб без громадянства рохінджа, які також вважаються біженцями або шукачами притулку з М’янми, переважно зі штату Ракхайн."
